ward_no,1,2,3,4,5,6,7,8,9,10,11,12,13,14,15,16,17,18,19,20,21,22,23,24,25,26,27,28,29,30,31,32,33,34,35,36,37,38,39,40,41,42,43,44,45,46,47,48,49,50,51,52,53,54,55,56,57,58,59,60,61,62,63,64,65,66,67,68,69,70,71,72,73,74,75,76,77,78,79,80,81,82,83,84,85,86,87,88,89,90,91,92,93,94,95,96,97,98,99,100,101,102,103,104,105,106,107,108,109,110,111,112,113,114,115,116,117,118,119,120,121,122,123,124,125,126,127,128,129,130,131,132,133,134,135,136,137,138,139,140,141,142,143,144,145,146,147,148,149,150,151,152,153,154,155,156,157,158,159,160,161,162,163,164,165,166,167,168,169,170,171,172,173,174,175,176,177,178,179,180,181,182,183,184,185,186,187,188,189,190,191,192,193,194,195,196,197,198
1,415,71,155,434,226,51,462,6,79,96,43,,,1,1,43,32,,,365,65,,24,21,8,,,,0,16,38,,2,55,226,31,,13,,,9,,,8,47,6,,,0,1,3,,,2,1,,,,,9,8,,29,66,,4,33,,,,,,6,,,,,15,2,0,2,,,,1,0,,,,0,8,,118,153,3,,,,10,2,1,,1,2,4,12,15,4,51,92,1,,,,,,,1,175,,,,3,4,8,2,6,1,4,10,4,4,17,,,,,,4,,,,1,,,,,,,6,,,0,,,,0,7,4,17,0,0,1,0,,2,,0,,,,,,4,,,,,0,0,0,4,,,,,,,0,1,1,,,,,,2,4
2,49,399,73,405,1,1,378,,41,44,13,7,,9,6,13,20,,,329,51,,,2,4,,,,,,,,4,41,192,10,,26,1,,,,,11,25,11,,,,0,4,,,,0,,,,,,,,17,61,,,16,,,,,,5,,,,,,1,0,2,,,,1,0,,,,0,,,100,127,0,,,,5,,,,,2,5,11,10,,53,99,4,,,,,,0,1,199,,,,,,11,2,9,1,5,12,5,2,2,,,,,,,,,,1,,0,,,,,8,,,0,,,,,8,3,24,,,,,,2,,0,,,,,,6,,,,,0,0,0,1,,,,,,,0,1,1,,,,,,1,4
3,204,140,532,682,62,17,110,,375,600,291,10,,17,10,116,102,,,79,11,2,,14,11,,8,,4,,,,5,13,240,187,,62,16,,60,,,52,196,22,,,1,5,7,,,,,5,,,,5,,,34,14,118,17,152,,,,17,1,31,,,,39,3,,,10,,,,11,1,,,,,,,25,105,1,,,,49,8,5,,5,15,29,64,77,16,8,142,4,,,,,,0,8,91,,,,13,16,53,14,40,8,45,63,25,23,70,,,,,,1,,,,3,4,14,,,,,18,,10,8,,,,2,43,21,108,2,2,5,2,,5,,1,,3,,2,,12,5,,3,,1,1,1,14,,,,,3,,4,3,8,17,7,1,,,8,24
4,291,395,347,1005,162,24,732,3,255,269,103,5,,21,7,67,44,,,666,61,3,,21,17,,10,,6,,,,16,81,375,70,,58,6,,41,,,24,95,39,,,2,12,13,,,,5,7,,,,8,,,48,127,2,14,99,,,,,,19,,,,0,5,8,2,15,,,,16,2,,,,2,,,176,262,8,,,,33,10,5,,5,8,13,33,43,11,86,125,13,,,,,,2,13,257,,,,9,11,24,5,18,3,10,23,10,16,47,,,,,,5,,,,5,8,27,,,,,28,,16,15,,,,2,21,7,47,2,2,5,2,,8,,2,,8,,4,,19,8,,8,,2,2,2,16,,,,,8,,6,5,13,37,16,4,,,10,9
5,858,10,178,920,1835,448,1249,28,95,67,82,,,,,67,10,,,772,243,,90,365,287,18,,,25,243,98,,,129,508,20,,20,,,72,,,,25,,,,25,,,,,134,,,,,,207,44,,228,124,10,,2,,,,,,,,,7,,155,,,,,,,,,,,,,2,,368,287,62,,,,5,,,,,,2,7,5,,93,461,20,,,,,,,,344,,,,,,5,2,,,,,,2,,,,,,,33,,,,,,,,,,,,,,,,,,2,2,,,,,,,,,,,,,,,,,,,,,,,,,,,,,,,,,,,,,,,,
6,669,35,167,475,1523,5126,1559,264,88,669,26,79,,,26,493,581,449,,872,17,290,2008,2069,1832,8,986,,361,546,2536,,,88,695,105,,572,,,176,502,132,,79,,,,26,616,1109,52,17,281,273,519,,,,308,986,,1012,167,35,,8,,308,52,105,,1347,,,26,,1074,,,907,352,229,105,916,193,,,,,96,,660,449,,,,,17,,,52,,,8,26,17,,114,2360,343,,,61,61,70,,52,704,,,,,,17,8,,,783,581,237,8,,,,,88,88,44,,,,105,,158,,,,184,2017,,,105,,,,8,264,1338,202,52,158,158,79,325,546,52,290,105,237,264,26,211,1109,,369,361,,299,17,,17,35,,,,,,61,123,123,,,,,,,70
7,664,793,120,1573,474,174,1646,102,101,74,1,17,,7,9,25,14,6,,1771,202,8,8,116,200,3,34,,11,,14,,23,244,963,11,,55,,,1,17,1,1,24,57,,,,31,124,5,1,25,21,20,8,8,,,2,,73,331,18,3,26,,11,,,,34,,,23,3,2,11,18,93,3,7,,80,19,2,8,2,3,2,,495,689,20,,,,20,,,,,0,8,29,25,3,228,343,22,,,2,,,3,15,737,,,,3,3,17,7,4,0,32,26,5,15,15,,,,,,14,,,,7,7,27,,,,5,197,,15,15,,,,3,11,27,15,5,3,3,1,15,27,,7,,11,7,3,7,115,7,19,19,,15,5,3,9,3,,,,7,,11,15,23,35,15,3,,,7,7
8,25,,,20,28,77,269,228,181,233,5,15,,,5,132,31,41,5,220,,,,98,160,2,15,,5,,,,,59,274,25,,85,,,5,69,,,36,,,,,10,119,,,10,5,5,7,7,,,,,2,36,62,10,41,,49,,,,85,,,,2,,,12,80,,,,62,10,2,7,2,,,,54,101,5,,,,10,,,,,,,10,20,10,5,64,2,,,2,,,,,20,,,,10,10,,,,,147,93,,,41,,,,,,5,,,,,,,,,,,163,,,,,,,,7,62,116,54,,,,38,7,,,,,,,,95,,44,31,,23,15,7,15,31,,,,,,,,,,,,,,,54
9,104,78,372,498,32,8,91,62,702,963,97,32,,21,17,93,83,,,80,,,,13,22,,,,,,,,,8,263,161,,93,30,,72,,,65,195,7,,,,,17,,,,,,5,5,,,,,14,17,69,37,262,,,,46,27,38,,,,7,,,8,13,,,,8,,1,5,1,,,,19,76,7,,,,82,16,12,,4,18,34,98,128,35,16,18,1,,,1,,,,4,37,,,,29,35,65,16,53,10,42,74,30,40,146,,,,,,1,,,,7,,4,,,,,4,,,,7,,,6,57,24,133,6,6,12,6,3,10,,,,,,,,,,,,,,7,14,24,,,,,,,,,,,,,,,12,26
10,34,23,165,145,6,18,18,22,268,474,146,98,,8,12,87,38,9,,5,,2,,16,19,,11,,3,,,,,9,237,151,,42,18,,26,9,2,25,118,16,,,,6,14,,,2,2,4,0,0,,,,,34,0,139,13,94,,4,0,18,10,34,,,,43,,,1,11,5,2,0,9,1,0,0,0,,,,3,93,4,1,,,30,6,4,0,3,7,10,31,44,13,5,79,0,,,0,,,,1,52,,0,0,11,12,20,4,16,3,22,30,12,12,50,,,,,,2,,,,3,,1,,,,1,12,,,,3,,,1,22,24,52,3,3,5,2,6,11,,0,,0,1,0,0,6,,2,1,,2,4,8,8,0,,,,,,0,0,0,,,,,,3,10
11,26,11,136,95,13,1,0,0,45,247,220,123,,18,6,71,10,,,,,,,0,,,1,,0,,,,,6,149,108,,24,23,,60,1,,5,68,10,,,,0,0,,,,,0,,,,,,,25,,110,2,12,,,,18,2,9,,,,48,,,,0,,,,1,0,,,,,,,2,77,,,,,5,4,,,5,4,6,2,2,,,89,,,,,,,,,47,,,,,,7,2,2,0,26,15,0,0,1,,,,,,5,,,,,,,,,,,,,,,,,,,1,10,3,,,,,,,,,,,,,,,,,,,,,,,,,,,,,,,,,,,,,,5
12,,7,5,5,,4,8,2,16,187,138,646,,286,53,185,22,,,5,,,,2,,,4,,1,,,,,9,212,92,,471,208,,174,67,1,137,200,19,,,,2,1,,,,,1,,,,,,,36,,302,,10,,,1,129,21,26,,,3,43,,,,2,,,,4,1,,,,,,,1,153,45,4,,1,2,,,,14,26,12,,2,1,40,52,,,,,,,,,139,,3,3,3,,21,10,,,107,53,,9,1,,,,,,8,4,1,,,,,,,,,,,,,,,,7,7,35,5,,,,,,,,,,,,,,,,,,,,,,,,5,,,,,,,,,,,,,,23
13,,,,,,,,,,,,,57,187,,,,,,,,,,,,,,,,,,,,,72,,,360,72,,,72,,144,144,,,,,,,,,,,,,,,,,,,,216,,,,,,,,,,,,,,,,,,,,,,,,,,,,,115,28,,,,,,,,,,,,,,28,,,,,,,,,,86,,,,,,,,,,,,,,,,,,,,,,,,,,,,,,,,,,,,,,,,,,,,,,,,,,,,,,,,,,,,,,,,,,,,,,,,,,,,,,,
14,1,12,12,28,,,4,,14,20,27,372,7,552,224,33,9,,,4,,,,,,,,,,,,,,13,310,9,,1359,287,6,171,97,1,198,294,27,,,,,,,,,,,,,,,,,50,,543,10,17,,,1,159,21,46,,,11,84,,,,,,,,,,,,,,,,9,304,55,4,,5,14,,,,23,46,21,3,,3,47,211,2,,,,,,,4,235,3,11,1,1,,43,21,,,96,44,11,21,1,,,,,9,8,19,5,,12,2,12,3,,,,,9,9,9,,,,14,25,29,55,,,,,,,4,,8,11,2,2,4,3,,6,1,,,,,,,5,,,,9,2,4,4,21,12,3,,,,20
15,0,5,4,6,,1,4,0,8,21,6,47,,152,69,29,6,,,3,,,,0,,,1,,0,,,,,8,130,9,,532,17,7,20,1,0,2,72,16,,,,0,0,,,,,0,,,,,,,29,,161,5,4,,,0,12,3,2,,,3,53,,,,0,,,,1,0,,,,,,,0,109,4,2,,1,5,,0,0,1,2,1,1,0,1,0,129,1,,,,,,,0,67,1,3,0,0,,1,0,,,5,2,,0,,,,,,3,1,1,0,,4,,,,,,,,,,3,,,,0,0,1,,,,,,,,1,,3,4,1,,,,,3,0,,,,,,,,,,,2,,,,5,3,0,,,,0
16,32,14,65,75,13,28,13,25,53,178,87,200,,27,35,484,67,9,,4,,4,,22,30,,18,,6,,,,,8,161,104,,122,44,,181,38,3,20,100,16,,,,3,48,,,,14,1,,,,,,,25,,143,,37,5,16,20,77,18,54,,,,34,,,,11,,,,10,2,,,,,,,4,104,30,17,,,28,,11,5,3,6,5,5,6,8,2,34,,,,,,,,,19,,14,3,3,,,,,,64,24,,,,,,,,,,,,,6,,,,,,,23,,,2,,,,,3,16,34,17,,,,12,3,2,8,4,,,,,12,,12,10,,6,5,2,5,10,,,,,,,,,,,,,,,14
17,42,38,100,86,3,58,13,10,83,138,23,42,,14,14,117,168,53,,18,,18,,37,24,,55,,18,,,,,0,96,63,38,150,,,10,81,23,33,135,1,,,,37,6,,,13,4,35,,,,,,,8,,113,,54,1,48,3,7,,255,,,17,7,,,,22,29,13,14,32,4,,,,,,,25,73,11,3,,0,35,,3,7,0,7,21,47,34,6,1,12,,,,,,,,2,15,,3,,0,,40,12,26,13,123,126,59,17,5,,,,,,2,4,,7,14,2,7,5,,,17,57,23,,10,7,,,,63,236,83,3,28,28,14,42,84,5,23,6,10,21,3,19,31,,21,10,5,30,0,0,0,1,,,,,,3,7,7,,,,,,,11
18,,,,,,115,15,36,,83,,,,,,42,137,275,128,45,,36,,72,51,,108,,36,,,,,,503,20,,135,,,27,103,31,4,20,,,,,63,42,,,27,22,54,,2,,,,,4,45,74,,24,,67,9,18,,311,,,,15,,,11,36,54,27,18,47,9,6,4,2,,,,76,137,,,,,6,,,9,,,2,9,13,4,13,119,4,,,2,,,,,47,,,,4,4,4,2,,,189,139,58,2,18,,,,,,6,6,,6,6,,,,,,22,94,,,,20,,,,65,316,65,,36,36,18,54,130,,13,,13,27,4,18,51,,29,13,,27,6,6,20,,,,,,,4,9,9,,,,,,6,13
19,,,,,,,,15,,,,,,,,,,442,294,124,,,,,,,,,,,,,,31,853,,,232,,,271,38,,77,38,,,,,,,,,,,,,,,,,,,77,46,,,,,,,,,,,,,,,,,,,,,,,,,,,,139,186,,,,,,,,,,,,,,,31,186,,,,,,,,,77,,,,,,,,,,,,,,,,,,,,15,15,,15,15,,,,,,,,,,,46,,,,,,,,,,,,62,,,,,,,,,,,,,,15,15,46,,,,,,,,,,,,,,,15,
20,102,134,16,279,57,18,345,16,17,4,,2,,1,1,1,4,3,3,310,26,5,0,1,2,,3,,1,,,18,5,80,216,0,,12,,,3,3,0,2,3,19,0,,,3,1,,,1,2,1,2,2,,,,,14,74,9,,10,,1,0,0,,8,0,0,18,2,,2,5,0,2,1,0,0,0,0,2,0,0,,,97,130,3,,,,12,,2,0,,,6,18,13,0,44,80,7,,,1,0,,1,2,135,,,,0,0,12,5,,1,4,3,1,11,4,,,,,,3,,,,3,1,7,,,,0,,,3,5,,,,1,2,8,1,,0,0,0,1,5,0,2,0,1,0,0,,0,1,0,1,0,2,1,0,0,,,2,0,1,,0,0,1,6,3,1,1,0,2,0
21,152,173,20,212,149,3,327,,,,,,,,,,,,,222,95,3,,,3,,,,,,,4,19,115,161,,,,,,,,,,,50,,,,6,3,,,,6,,,,,,,,60,3,,,,,,,,,,,,,,,9,3,,,,,,,,,,3,,,114,58,4,,,,,,,,,,,,,,3,227,11,,,,,,1,9,88,,,,,,,,,,,,,,,,,,,,3,,,,9,,1,,,,,,,,4,,,,,,,,,,,,,14,,4,,,,,,,,,,,4,4,4,9,,,,,,,,,,,,,,,9,
22,,,9,26,,107,29,,,39,,,,,,29,68,52,,94,6,58,,61,35,,107,,35,,,97,,166,127,6,,55,,,19,48,16,,,32,,,,65,19,,,19,16,58,,,,,,,,3,,,,,29,6,13,,153,,,,,,,,39,39,19,13,58,6,,,,,,,71,16,,,,,,,,6,,,,,,,3,117,19,,,,,,,6,29,,,,,,,,,,74,58,29,,,,,,,,,,,,13,,19,,,,16,110,,,13,,,,,29,156,9,,19,19,9,29,65,6,29,6,16,32,3,26,58,,32,16,6,58,,,,,,,13,,,3,6,6,,,19,32,,,
23,119,,,,116,757,29,,,,,,,,,,,,,3,,,365,9,23,,,,,53,674,26,,13,23,,,,,,,,,,,9,,,,,,,,,,,,,,23,262,,189,,,,,,,,,,,,,,,229,,,,,,,,,,,,,19,,126,19,,,,,,,,,,,,,,,3,578,76,,,13,13,13,,13,103,,,,,,,,,,,,,,,,,,26,19,9,6,,,26,,39,,,,,,,,26,,,,,,,,,,,,,,13,39,26,26,,,,,,,39,,,,,,,,,,,,,,,,,,,,,
24,31,6,16,47,144,241,121,38,15,66,2,6,,,2,45,43,32,,10,,19,3,843,794,,70,,191,214,28,3,,1,19,4,,50,,,8,46,9,,4,2,,,150,45,168,9,3,164,25,35,,,13,503,7,,401,,,,,,29,2,4,,103,,,,,365,12,6,120,23,21,4,102,24,,6,,2,3,,135,66,,,,,,,,4,,,,,,,12,720,80,1,3,3,,,,,193,,,,,,,,,,70,51,15,,,,,,,,1,,,,,,,,,3,14,258,12,,,,,,,18,100,26,9,10,10,5,30,36,,8,,8,16,1,21,141,,45,28,,26,7,8,3,6,,,,,,7,14,14,,,,,,,12
25,23,17,23,67,197,370,362,110,44,138,,,,,,106,49,40,,23,3,19,12,1378,1359,339,297,206,202,259,44,,,3,60,7,,97,,,24,80,8,,16,,,,124,345,499,64,8,204,197,56,,10,46,524,19,,547,,7,,1,,51,3,7,,136,,,5,,514,325,76,316,39,46,7,250,72,14,14,3,64,1,,177,108,,,,,3,,,3,,,1,5,3,,8,1012,400,19,10,14,,,,3,282,,,,,,3,1,,,129,85,16,1,,,,,,,,,,,7,,10,,,5,35,738,21,,7,,,,1,26,120,67,26,10,10,5,60,46,3,19,5,12,17,1,55,405,14,80,55,1,44,8,,8,17,,,1,,,26,40,53,14,,5,8,,,35
26,,,,,16,2,9,2,,,,,,,,,,,,,,,,,444,474,204,176,,,,,,,,,,,,,,,,,,,,,,491,13,90,,16,142,18,,13,23,44,,,111,,,,,,,,,,,,,,,130,465,139,18,,,,27,9,18,27,,102,,,48,60,,,,,,,,,,,,,,,,381,407,4,9,18,,,,,102,,,,,,,,,,,,,,,,,,,,,,,,,,,,,9,,83,37,,,,,,,,,,,,,,,,,,,,,,55,55,9,,,,,,,,,,,,,,4,9,9,9,,,,,,
27,,,14,38,,180,56,9,,72,4,14,,,4,58,101,77,,29,,53,,111,269,141,728,299,233,,,,,,,9,,82,,,29,72,24,,,,,,9,286,219,19,27,83,177,95,,,286,59,,,456,,,,,,43,9,19,,227,,,,,548,277,27,67,58,77,27,101,14,3,19,3,6,,,74,62,8,8,,,,,,9,,,8,8,,,,512,62,9,20,8,,,,,70,,16,,,,16,,,,111,87,43,,,,,,,,,,,,,,,,,8,24,172,32,,,,,,,43,232,14,,29,29,14,43,101,,24,,24,48,4,54,87,,88,51,,64,6,12,,,,,,,,4,9,9,,,,,,,
28,,,,,,,,,,,,,,,,,,,,,,,,,157,103,252,241,43,,,,,,,,,,,,,,,,,,,,5,10,,16,,,37,,,,10,70,,,160,,,,,,,,,,,,,,,206,105,4,,,,,,,4,,4,,,,81,35,5,5,,,,,,,,,5,5,,,,268,21,12,16,,,,,5,,,10,,,,10,,,,,,,,,,,,,,,,,,10,,16,,,,,,,,10,,,,,,,,,,,,,,5,10,5,,,,,,,,,5,16,,,,,,,5,,,,,,,,16,27,,,
29,1,,9,27,19,79,23,3,,29,1,5,,,1,23,40,30,,11,,21,,361,220,,280,61,228,,,,,,,3,,32,,,11,29,9,,,,,,98,100,13,,,114,13,38,,,133,216,,,270,,,,,,17,3,7,,90,,,,,332,158,36,27,23,11,7,40,5,7,23,7,15,1,,71,30,,,,,,,,3,,,,,,,,398,108,30,48,17,,,,5,96,,,,,,,,,,44,34,17,,,,,,,,,,,,11,,17,,,17,9,75,69,,11,,,,,17,92,5,,11,11,5,17,44,5,21,5,9,19,1,58,34,,67,42,5,56,7,15,,,,,5,,,1,3,3,,,17,29,,,
30,15,,,,60,39,,,,,,,,,,,,,,,,,10,134,94,,,,,94,9,4,,,,,,,,,,,,,,,,,,,,,,,,,,,,63,3,,94,,,,,,,,,,,,,,,61,,,,,,,,,,,,,,,1,7,,,,,,,,,,,,,,,7,63,30,,,0,,0,0,,29,,,,,,,,,,,,,,,,,,5,,,5,,,,,,,,,,,,,,,,,,,,,,,,,,,,,,,,,,,,,,,,,,,,,,,,,,,,,,,,,,
31,27,,,,18,136,7,,,,,,,,,,,,,,,,96,13,11,,,,,7,124,6,,,,,,,,,,,,,,,,,,,,,,,,,,,,5,55,,48,,,,,,,,,,,,,,,51,,,,,,,,,,,,,4,,29,5,,,,,,,,,,,,,,,0,133,13,,,2,1,2,0,1,25,,,,,,,,,,,,,,,,,,4,4,2,,,,3,,5,,,,,,,,3,,,,,,,,,,,,,,1,5,3,3,,,,,,,5,,,,,,,,,,,,,,,,,,,,,
32,,,,,,,,,,,,,,,,,,,,131,4,41,10,4,,,,,,9,17,215,76,189,215,,,4,,,,,,8,4,278,30,,,,,,,,,,,10,,5,4,,148,31,30,,42,,,,,,,4,4,65,6,15,,10,,,,,,,,2,,5,,,79,23,,,,,43,,12,,,,21,60,43,,1,336,58,,,6,6,,6,8,53,,,,,,43,13,,6,,,,32,24,,,,8,,2,,,,16,,24,,,,,,,,16,,,,4,4,,,,,,,4,12,8,16,8,,,,,,,,,4,28,8,8,,,,,8,,,,,,,,12,20,,,
33,11,28,17,102,,,68,,,,,,,,,,,,,85,34,,,,,,,,,,,158,90,102,17,,,,,,,,,,,408,22,,,11,5,,,,11,,,22,,,,,297,,,,,,,,,,,,,,,5,17,28,,,,,,,,5,,17,,,28,19,,,,,,,,,,,,,,,,331,56,,,5,5,,11,,56,,,,,,,,,,,,,,,,,,17,,14,5,,8,,,5,,,,,,,,,,11,,,,,,,11,5,,,,,,,,,,,,,,,,,,,,,,,,,,,,,,,,,,,
34,43,47,8,95,26,5,133,12,5,20,8,11,,11,10,8,0,,2,224,39,27,2,0,1,,,,,,,74,19,141,186,9,1,47,5,2,6,1,,,11,90,2,,,1,0,,,,1,,4,6,,,,,78,,,,,,1,,,,0,,,,,0,1,10,,,,,,,1,5,1,1,,,81,17,0,,,,,,,,,,,,,,,220,30,,,4,2,,3,5,25,,,,,,,,,,,,,,,,,,1,,2,2,,3,9,,13,,,,,,,,9,,4,,,,,,,4,2,,2,8,4,9,4,,,,,,,,,2,15,4,4,1,,,,4,,,,,,,,6,10,,1,
35,132,164,106,328,78,31,392,42,118,383,142,180,2,202,125,127,43,89,44,452,40,15,2,7,13,,,,,,,63,2,139,629,136,10,698,62,14,95,46,1,90,239,68,1,,3,,8,,,,,,3,6,,1,,,97,96,471,2,62,0,10,8,18,11,34,2,2,35,110,8,8,27,6,,,,4,,9,9,8,2,2,,184,453,29,5,0,0,40,1,12,3,3,10,18,48,39,6,71,423,30,12,,15,1,,4,8,330,0,4,2,4,2,34,10,16,6,50,40,3,21,18,,,,,,12,8,,11,20,2,14,0,3,3,,16,20,4,13,15,4,0,2,8,22,16,0,5,2,0,5,24,5,10,6,3,1,1,3,14,1,4,2,1,7,9,13,8,,,2,1,1,,1,0,2,7,3,3,4,0,6,10
36,27,13,126,92,4,7,7,6,109,370,157,118,,9,14,124,43,5,,2,,1,,2,2,,3,,1,,,,,10,207,75,4,35,14,,24,3,1,17,124,20,,,,2,,,,1,0,1,,,,,,,44,,149,8,65,0,,1,8,1,18,,,2,53,,,,,3,1,,,,,,,,,,10,100,7,3,,1,27,4,3,0,4,7,6,21,28,12,0,85,,,,,,,,,46,,2,1,9,8,13,2,9,1,6,12,4,7,33,,,,,,4,2,,5,3,,,,,,,,,,1,4,,,1,10,2,28,1,1,2,1,,3,1,2,1,,,,,,,,,,,,,4,,,,,,,,,,,,,,,2,5
37,,,,,,,,,,,,,,,,,129,,,,,,,,,,,,,,,,,9,78,24,48,,,,,,,3,135,18,,,,,,,,,,,,,,,,,54,3,147,30,12,,,,,,12,,,51,24,,,,,,,,,,,,,,,,48,102,6,12,6,3,36,,,,3,3,12,42,18,12,3,33,,,,,,,,6,27,,,,3,,30,12,,18,,,6,24,,,,,,,3,15,,9,21,6,18,12,,,,,54,,21,6,,,,,,,,,,,,9,9,12,6,,,,12,,,,,12,18,,,,,,,,,,,,,,,,,,,
38,6,19,24,43,2,22,19,11,36,58,20,342,8,759,439,82,58,20,10,22,,5,,16,18,,17,,5,,,1,,30,598,20,,2258,207,65,284,214,10,260,495,60,,,1,10,12,,,3,4,10,,,,0,,,117,,876,39,40,3,65,26,57,16,167,0,0,19,175,6,8,1,9,7,3,4,11,1,,,0,2,2,,12,522,84,13,4,7,31,1,8,5,4,8,5,13,6,8,54,458,8,1,,1,,,,4,370,4,18,2,1,2,4,1,1,4,144,80,17,3,7,,,,,10,8,6,0,2,17,1,5,,,0,5,25,1,6,13,1,,0,0,18,106,35,26,8,9,5,19,35,6,5,12,17,11,2,4,16,0,25,11,,9,6,5,8,13,,,,,8,2,5,5,19,10,2,,,0,14
39,,2,14,12,,,,,27,60,45,362,4,384,33,71,,,,,,,,,,,,,,,,,,8,127,19,,495,750,153,716,98,10,155,151,16,,,,,,,,,,,,,,,,,32,,257,12,26,,19,13,629,99,215,,,12,13,,,,,,,,,,,,,,,,13,155,68,17,2,4,3,,9,4,93,174,75,7,3,1,37,36,,,,,,,,4,135,4,25,15,16,,146,71,,2,299,133,16,68,4,,,,,14,22,64,27,,,0,18,12,,,,,32,3,0,,,2,57,77,88,96,19,2,7,4,,4,,,,,,0,16,14,4,24,14,,9,4,4,4,9,12,,,,,0,1,1,,,,,,,56
40,,,,,,,,,,,,,,15,27,,,,,,,,,,,,,,,,,,,6,57,,,294,290,325,176,40,4,86,77,12,,,,,,,,,,,,,,,,,35,,120,,26,,,29,215,840,280,,,9,9,,,,,,,,,,,,,,,,12,138,176,110,,,15,,356,178,24,49,183,192,15,4,13,77,,,,,,,,,136,131,352,32,17,3,9,4,,,34,,,4,12,6,,3,4,294,167,12,,13,4,,,,,,,,,,7,9,,,4,4,,,,,,,,4,7,10,3,3,,,,,,,,,1,,,,,,,,,,,,,,,,,,,
41,14,,68,92,28,20,2,2,82,108,145,375,,284,50,362,12,12,35,20,,6,,8,14,,18,,6,,,,,12,243,40,,843,889,116,1623,147,40,249,193,24,,,,,36,,,,22,,,,,,,,48,,237,25,134,,52,135,985,178,346,,,13,29,14,28,,,,,,,,,,,7,7,,23,199,116,60,12,4,50,,36,18,124,228,109,23,50,25,4,71,7,,,,,,,3,31,6,59,22,22,,188,91,,3,422,183,20,86,5,,,,,18,31,81,35,,,,12,9,,,,,24,,,,,5,73,101,118,123,32,5,15,10,,8,,,,,,,12,15,10,40,24,,16,8,8,8,16,15,,,,,,,,,,,,,,74
42,,,,,,28,8,13,,19,1,70,2,78,1,37,45,22,2,8,,7,,22,22,,22,,7,,,,,1,57,2,,310,59,12,71,96,22,108,78,2,,,,14,11,,,4,1,14,,,,,,,19,,115,17,70,15,69,5,9,2,177,,,14,6,0,1,,13,10,4,5,16,1,,,,0,0,,23,66,29,9,0,1,41,,0,3,1,2,1,2,3,18,15,18,0,,,,,,,0,48,2,8,,,,2,1,,5,130,75,21,1,,,,,,2,4,12,1,,,0,3,1,,,7,37,3,1,0,,,,1,22,125,37,34,11,11,5,25,46,,4,,4,8,1,7,27,,23,14,,15,8,7,8,17,,,,,,1,3,3,,,,,,,12
43,,,,,,25,3,,,16,,5,,3,1,10,45,23,,8,,8,,15,8,,25,,8,,,,,,5,3,,53,21,5,67,75,97,70,1,,,,,16,,,,5,1,16,,,,,,,20,,20,26,247,84,35,3,16,3,122,,,23,8,,,,10,11,5,6,15,1,,,,,,,31,58,58,42,,5,188,,,3,,,,8,13,94,3,11,,,,,,,,1,18,8,25,,,,,,,,52,42,20,,,,,,,8,,31,,5,1,,6,5,,,8,26,13,,1,3,,,,20,111,6,,13,13,6,20,38,,5,,5,10,1,13,16,,10,5,,10,,,,,,,,,,1,3,3,,,,,,,
44,13,25,59,54,,,2,,74,104,14,296,10,329,7,40,38,2,10,12,,,,,,,,,,,,6,,,231,29,1,772,192,57,249,223,42,242,327,2,,,,,,,,,,,,,,,,,24,,446,33,290,26,24,26,18,18,39,4,4,43,14,4,8,3,,,,,,,,,2,2,2,,48,254,116,31,2,9,124,,16,4,,14,24,59,71,42,68,56,4,5,,4,,,,5,203,9,20,4,,,44,11,45,9,31,61,22,11,6,,,,4,4,13,32,,18,7,2,18,9,,1,,,28,8,4,5,16,8,,31,20,98,,,,,5,3,3,7,4,2,,2,12,6,,4,1,,,,,2,,,,,,,2,4,4,,,,,,,16
45,26,20,83,79,3,3,9,5,83,182,61,161,3,182,66,75,58,3,1,6,,,,1,3,,,,,,,1,,8,228,78,17,551,70,19,72,60,0,122,101,16,,,0,,2,,,,,,,,,0,,,39,0,318,30,63,0,8,9,13,5,32,0,1,21,50,2,3,1,1,,,,1,0,,,0,0,0,,18,182,43,5,1,0,28,3,6,1,3,8,12,32,30,9,26,103,2,1,,1,,,,1,122,0,3,0,5,5,22,6,17,6,26,28,8,10,23,,,,,,6,8,,9,9,1,3,1,,0,,3,8,1,7,7,,,1,12,12,36,3,0,1,0,3,6,5,11,6,3,0,0,1,3,,5,1,1,3,0,0,5,1,,,0,,,0,0,0,,,0,0,,1,8
46,7,21,21,74,,,49,,6,57,22,36,,37,34,27,1,,,86,27,8,2,1,,,,,,,,175,123,145,147,29,5,152,17,6,20,5,,1,37,282,33,,,5,2,,,,5,,,17,,,,,374,7,6,,9,,5,,,,1,0,0,15,1,4,7,19,,,,,,,,4,,11,,,33,17,,,,,10,,2,,,,5,14,10,,,334,41,,,2,2,,6,1,51,,,,,,10,3,,1,,,,8,5,,,,12,,9,3,,5,3,,8,,,,,,,,3,,6,,0,0,,,,6,3,,0,2,1,3,1,,,,,,,,,0,6,1,1,,,,,1,,,,,,,,2,4,,,
47,,,,,,,,,,,,,,,,,,,,4,,,,,,,,,,,,36,13,6,4,,,,,,,,,,,64,19,,,,,,,,,,,,,,,,55,3,1,,1,,,,,,,,,4,,1,,,,,,,,,,,,,,,,1,,,,,3,,,,,,1,4,3,,,74,,,,,,,,,16,,,,,,3,,,,,,,,4,,,,4,,1,,,,,,,,,,,,,,,,,,,,,,,,,,,,,,,,,,,,,,,,,,,,,,,,,,,,,,,,,,,
48,,,,,,,,,,,,,,,,,,,,,,,,,,,,,,,,,,,,,,,,,,,,,,,,,,,,,,,,,,,,,,,,,,,,,,,,,,,,,,,,,,,,,,,,,,,,,,,,,,,,,,,,,,,,,,,,,,,,,,,,,,,,,,,,,,,,,,,,,,,,,,,,,,,,,,,,,,,,,,,,,,,,,,,,,,,,,,,,,,,,,,,,,,,,,,,,,,,,,,
49,1,,3,10,17,5,,,,,,,,,,,,,,,,,,262,124,,10,7,90,,,,,,14,,,7,,,,,,,3,,,,10,3,,,,62,,,,,16,178,,,123,,,,,,,,,,,,,,,153,3,,,,,,,,,,,7,1,,62,26,,,,,,,,,,,,,,,,272,19,3,3,3,,,,,57,,,,,,,,,,,,,,,,,,,,,,,,,,,,,3,,,14,,,,,,,,,,,,,,,,,,,,,,10,,,,,,,,,,,,,,,,,,,,,,,,,
50,0,0,2,11,,29,13,1,,11,0,2,,,0,2,17,11,,7,1,8,,18,81,88,74,3,21,,,,1,0,,1,,12,,,,12,4,,,2,,,0,511,321,309,181,394,536,20,2,3,25,0,,,32,,,,,,7,,,,38,,,,,36,963,253,14,209,442,33,25,3,5,7,4,242,,,0,61,0,0,,,,,,1,,,0,2,,0,0,412,1058,14,3,11,,,,1,303,,,,,,1,0,,,17,15,7,3,,,,,,,5,,,,,,1,,,3,10,36,13,1,,,,,,7,40,2,1,5,6,3,10,18,,5,,5,10,2,15,20,1,13,8,,15,4,1,,1,2,,,,,1,2,2,0,,,,,,
51,1,2,1,7,,30,30,11,4,13,0,0,,,0,23,1,4,,2,0,1,,39,67,1,32,,1,,,,0,0,4,,,8,,,8,5,,,1,0,,,,185,143,64,42,175,205,0,,,9,,,,15,,,,,,3,2,5,,7,,,,,13,254,64,39,83,187,13,29,9,,0,0,63,,,,14,0,0,,,,,,,,,0,1,,0,,105,275,0,,0,,,,0,78,,,,,,0,0,,,12,5,,1,,,,,,,0,,,,,,0,,,0,6,87,0,,,,,,,0,3,6,2,,,,4,1,,0,,0,0,,1,51,,17,4,,2,1,0,1,1,,,,,6,2,5,4,15,8,2,,,,3
52,,,,,,2,2,,,,,,,,,,,,,,,,,4,17,19,5,5,,,,,,,,,,,,,,,,,,,,,,360,130,263,191,2,256,,,,,1,,,2,,,,,,,,,,,,,,,2,508,129,,,2,,,,,0,,133,,,1,20,,,,,,,,,,,,,,,,183,601,,,0,,,,1,189,,,,,,,,,,,,,,,,,,,,5,,,,,,1,,,0,,,1,,,,,,,,,,,,,,,,,,,,,,1,0,,,,,,,,,,,,,,,,0,,,,,,,,
53,,,,,,1,1,,,,,,,,,,,,,,,,,2,4,,16,,,,,,,,,,,,,,,,,,,,,,,411,169,373,117,43,281,,,,5,,,,8,,,,,,,,,,,,,,,7,567,142,,0,18,0,,,,,,148,,,,26,,,,,,,,,,,,,,,,209,668,,,,,,,1,203,,,,,,,,,,,,,,,,,,,,5,,,,,,1,,,,,,,,,,,,,,,,,,,,,,,,,,,,,,,,,,,,,,,,,,,,,,,,,,,,,
54,9,,,,120,74,60,9,,27,,,,,,,34,27,,13,,13,,371,266,16,120,,136,,,,,,,6,,20,,,,20,6,,,,,,81,2190,1686,13,106,2705,2378,69,55,4,48,201,,,204,,,,,,6,,,,69,,,,,194,2974,809,13,2206,4037,420,570,58,162,23,20,747,,,60,245,9,9,,,,,,,,,9,27,,9,6,1612,3318,13,67,53,,,,,967,,,,,,18,9,,,62,34,69,37,,,,,,,4,,,,,,,,,6,192,341,20,,,,,,,76,167,48,,55,55,27,48,104,,41,,34,76,6,83,146,,118,48,,83,34,,6,,,,,,20,6,13,13,48,27,6,,,,
55,1,1,,8,,22,15,1,,6,,,,,,20,3,7,,9,2,3,,17,79,43,78,20,5,,,,2,1,,0,,9,,,15,2,0,,,4,,,,917,610,375,211,733,566,18,4,5,15,5,,,39,,,,,,0,4,8,,9,,,,,31,1240,316,22,387,819,67,36,9,7,2,2,315,,,7,76,2,2,,,,,,,,,2,6,,2,0,518,1361,1,2,2,,,,1,392,,,,,,4,2,,,7,2,2,8,,,,,,,5,,,,,,1,,,,25,79,,,,,,,,2,7,0,,1,1,0,2,5,,2,,2,4,0,11,44,4,15,2,,4,1,1,5,,,,,,6,4,4,8,19,8,2,,,,
56,,,12,32,,121,43,4,,39,2,6,,,2,6,82,49,,16,,37,,72,65,16,121,,41,,,,,,,4,,61,,,,61,20,,,,,,,103,8,,,61,53,61,24,,,,,,,,,,,,37,,,,189,,,,,,,37,98,125,61,43,150,30,,,12,,,,,4,,,,,,,,8,,,,,,,4,8,37,,,12,,,,,20,,,,,,,,,,86,74,37,,,,,,,,,,,,,,,,,,20,325,,,,,,,,37,197,12,,24,24,12,37,88,,26,,26,61,4,74,169,12,61,39,12,53,2,2,8,,,,,,,10,8,20,12,,,,,,
57,,,,,,,53,17,35,17,,,,,,,,,,88,,,,,,,,,,,,,,53,53,,,,,,,,,,,,,,,35,,,,142,35,71,474,996,,,,,,,,,,,,,,,17,,,,,,,936,160,302,195,35,124,17,349,53,71,207,,,17,100,,,,,,,,,,,,,,,11,468,794,71,,88,,,,23,130,,,,,,,,,17,88,,,106,35,35,,35,,17,,,,23,35,,,,,17,,17,71,,,,47,17,,,,,11,77,59,41,53,88,,17,,17,35,35,,,,35,17,,35,,,,23,,,,,,,,,,,,,,,
58,,,,,,,43,14,29,14,,,,,,,,4,,72,,,,,29,29,,,,,,38,38,62,77,,,,,,,,,,,96,,,,43,,,,9,33,,814,1899,,,,,82,,,,,,,,,,19,,,,,,,1972,314,24,24,,33,4,552,256,130,513,,,19,164,4,,,,,,,,,,,,,,9,828,1676,416,19,227,,,116,48,203,,,,,,,,,19,96,,,116,116,38,,38,,19,,,,67,179,,19,155,,96,,4,407,,77,,135,38,,96,,,14,106,125,67,135,232,38,155,58,58,116,116,,,,77,155,19,193,38,38,38,29,,,,,,,,,,,,,,,
59,,,,,,,,,,,,,,,,,,,,,,,,110,220,84,1510,67,585,,,,,,,,,,,,,,,,,,,,76,526,339,,50,178,186,,,,424,50,,,984,,,,,,,,,,,,,,,1187,610,101,,,101,16,,,,84,,33,,,,84,,,,,,,,,,,,,,,,882,288,8,42,42,,,,,254,,,,,,,,,,,,,,,,,,,,,,,,,,,,,42,,33,169,,,,,,,,,,,,,,,16,,,,,,,93,,,169,118,,67,33,67,,,,,,,,,,,,,,,,,
60,6,,2,8,38,17,,,,,,,,,,,,,,,,,3,239,143,9,18,25,54,47,5,1,,,1,,,0,,,,,,,0,,,,48,0,,1,,42,3,,,,2,93,0,,125,,,,,,,,,,,,,,,124,6,,,,,,,,,,,,0,,50,23,,,,,,,,,,,,,,,2,233,17,,,,,,,0,49,,,,,,,,,,,,,,,,,,0,,0,0,,,0,,1,,,,,,,,0,,,,,,,,,,,,,,0,0,0,,,,,,,,,0,1,,,,,,,0,,,,,,,,1,2,,,
61,11,,,,16,110,2,,,,,,,,,,,,,,,,77,6,10,,,,,5,114,2,,,,,,,,,,,,,,,,,,,,,,,,,,,,1,19,0,41,,,,,,,,,,,,,,,41,,,,,,,,,,,,,1,,23,2,,,,,,,,,,,,,,,,103,15,,,3,1,3,1,1,17,,,,,,,,,,,,,,,,,,5,5,0,,,,3,,5,,,,,,,,3,,,,,,,,,,,,,,1,5,3,3,,,,,,,5,,,,,,,,,,,,,,,,,,,,,
62,,,,,,,,,,,,,,,,,,,,,,,,,,,,,,,,,,,,,,,,,,,,,,,,,,,,,,,,,,,,,96,193,1163,,,,,,,,,,,,,,,290,,,,,,,,,,,,,,,,,,,,,,,,,,,,,,,,290,,,,,,,,,,,,,,,,,,,,,,,,,,,,,,,,,,,,,,,,,,,,,,,,,,,,,,,,,,,,,,,,,,,,,,,,,,,,,,,,,,,,,,,,
63,12,11,11,31,26,34,22,0,4,41,17,23,,24,21,15,2,0,,21,11,,17,116,91,14,84,35,41,43,30,32,31,43,72,22,5,102,11,6,14,11,3,7,31,130,10,,20,23,19,1,2,26,16,,,5,34,76,12,3,242,0,27,24,37,5,4,,0,10,6,6,4,40,20,139,32,7,,,5,0,,,0,1,0,3,2,0,113,39,2,1,1,,12,2,8,4,,,5,14,11,1,2,294,39,,,1,0,0,3,1,51,0,3,,0,0,7,4,,1,5,3,3,4,3,2,,2,6,3,5,1,,0,1,,3,,2,0,,,5,,1,,1,,0,1,6,1,,1,0,,,,0,2,1,0,,,1,,,1,0,0,1,,,,,,,0,,,,,,,,1,2,,,
64,100,136,16,288,49,19,350,14,20,1,,,,,,,,20,10,405,2,1,,,,,,,,,,23,,,249,,1,,,,,,,,1,9,2,,,,,,,,,,,,,,,,3,14,23,,13,,,,,,,,,40,12,,,,,,,,,,,,,,,,101,194,4,,,,27,,,,,,13,39,27,,64,4,,,,,,,,2,180,,,,,,27,12,,3,,,,24,9,,,,,,7,5,,3,4,2,6,,,,,,,4,5,3,8,4,1,1,,,,8,,,,7,,1,,2,,1,,,2,,2,,,2,1,3,,,3,,2,,1,,2,9,4,1,,1,4,
65,,,51,2,1,1,7,9,30,218,102,248,5,343,151,109,49,12,2,19,,,,,1,,,,,,,8,,,457,95,19,992,121,30,90,90,4,170,324,3,0,,,,,,,,,,,,,,,,36,8,499,32,62,6,5,11,25,8,20,8,5,83,143,,,,,,,,,,,,,,,,66,425,64,7,0,1,42,1,10,5,3,7,17,49,31,6,48,268,,,,,,,0,5,276,1,6,2,1,,28,15,5,5,10,,1,15,6,,,,,,11,9,,14,16,2,10,3,,,,,13,4,12,13,3,1,3,3,,,,3,,,6,10,8,12,9,4,2,1,3,1,,5,1,2,3,2,4,2,,,,,,,1,2,2,,,,,,,
66,49,,141,226,,,28,28,297,375,35,,,120,99,,,,,,,,,,,,,,,,,,,,49,99,70,808,106,,177,255,113,234,560,,,,,,,,,,,,,,,,,,574,,588,1716,751,170,28,,,,21,,7,928,276,,,,,,,,,,,,,,,,765,638,375,226,134,28,120,28,14,,14,7,7,42,70,42,70,191,,,,,,,,,212,7,21,,28,35,7,,,,,,,28,127,,,,,21,7,290,,,21,,,,,,,,,,7,,,,7,14,,,7,7,14,7,,,7,,14,21,,,,,,7,,,,,,28,,,,,,21,,,,49,28,7,,,14,
67,33,24,115,148,0,0,18,10,200,259,19,15,,19,7,50,42,7,,38,,,,,0,,,,,,,21,,,106,73,2,79,21,11,90,96,100,194,112,7,0,,,,,,,,,,,,,,,,85,8,109,72,551,103,19,6,,16,49,49,48,189,60,4,6,,,,,,,,,,,,2,,140,166,105,76,,6,422,12,34,10,5,20,42,133,150,179,5,103,,,,,,,4,6,36,21,57,2,15,18,76,25,54,14,38,68,25,38,82,,,,2,22,10,67,,30,30,,21,19,5,2,,,40,,14,10,21,10,4,45,24,124,2,2,5,2,,,8,,10,16,,,16,2,,5,3,,,,,10,,,,,,6,,,,14,8,2,,,5,23
68,,,,,,,,,,,,,,,,28,5,,,,,,,,,,,,,,,,,,5,2,,25,,,,81,127,66,5,,,,,,,,,,,,,,,,,,45,,45,61,385,51,12,,,,2,,2,53,22,,,,,,,,,,,,,,,,71,81,81,56,,,306,,,,,,,20,,148,,45,,,,,,,2,2,12,20,61,,,,,,,,,,,,,,,,,20,5,71,,22,15,,7,10,5,2,,,17,,12,15,,,,,,,,,,,,,5,,5,7,,,5,,,2,2,,,,,,,,,,,,,,,,,,,,,
69,,,,,,26,9,14,,15,,,,,,25,42,23,,6,,6,,22,22,,20,,6,,,,,2,20,,,146,18,,40,108,16,18,16,4,,,,13,12,,,2,0,13,,,,,,,11,,11,3,21,3,32,2,7,1,170,,,6,1,,,,13,5,2,3,16,1,,,,,,,4,10,6,2,,1,9,,,3,1,3,1,,,3,2,6,,,,,,,,,8,,,,,,3,1,,4,136,78,19,1,,,,,,,1,3,1,,,,,,,,3,38,,,,,,,1,20,124,37,32,10,10,5,23,41,,3,,3,7,0,6,26,,23,14,,14,8,6,8,16,,,,,,0,1,1,,,,,,,13
70,,,,,,25,,,,8,,17,,12,8,171,17,17,,8,,8,,8,8,,25,,8,,,,,,94,8,,326,72,81,570,51,8,111,103,,,,,,51,,,,25,,,,,,,,,,128,,42,,12,77,274,94,120,,,,,,,,,,,,,,,,,,,,8,103,68,30,,,17,,51,25,12,25,34,25,17,8,,25,,,,,,,,,8,8,55,4,4,,17,8,,,42,8,,8,,,,,,25,12,8,4,,,,,,,,,,,,,,,,12,8,,,,,,,,,,,,,,,,,,,,,,,,,,,,,,,,,,,,,,,,
71,,,6,,,3,,,17,24,14,90,,85,10,50,2,2,,1,,1,,1,1,,3,,1,,,,,,15,4,,55,253,45,319,6,3,5,11,,,,,,7,,,,3,,,,,,,,0,,21,,,,3,21,279,141,133,,,,3,,,,,,,,,,,,,,,,0,28,35,21,,,,,48,24,46,85,57,26,,,,6,,,,,,,,,13,16,56,10,9,0,69,33,,,139,61,7,32,3,0,,0,,35,34,33,14,1,0,,,,,,,,,,0,1,,1,30,36,39,40,6,1,5,3,,2,0,1,0,0,,,,,3,8,4,,3,1,1,1,3,4,,,,,,,,,,,,,,24
72,,,0,,,,,,12,16,1,17,,13,3,14,,,,,,,,,,,,,,,,,,,11,0,,19,47,210,68,2,0,7,5,,,,,,,,,,,,,,,,,,13,,8,,9,,0,8,166,553,215,1,1,4,2,,,,,,,,,,,,,,,,8,54,110,84,,,3,,285,141,12,29,147,154,3,0,,50,,,,,,,,,66,102,271,24,6,4,14,5,9,1,63,17,0,14,18,6,,3,4,217,138,13,1,9,3,,,,,,,,,,4,6,,,2,10,7,4,1,3,3,1,1,4,4,7,1,3,3,1,,1,,3,1,,4,4,,,,1,,,,,1,3,3,,,,,,,5
73,3,5,14,17,,64,14,13,18,58,9,24,,32,2,45,122,58,,19,,19,,42,32,,59,,19,,,,,0,36,12,1,206,111,76,144,152,30,16,36,0,,,,39,12,,,12,5,39,1,1,,,,,8,,22,1,30,0,93,11,170,234,431,0,0,12,3,,,5,27,29,12,16,38,4,3,2,0,0,,,8,48,74,55,,1,23,3,111,62,41,90,90,100,15,7,0,36,4,,,0,,,,,30,36,128,19,11,2,95,33,64,19,300,198,60,60,13,5,,3,4,77,51,31,10,6,2,,,,,,21,80,,,3,5,,0,18,78,308,75,51,35,37,19,57,116,3,19,2,14,26,4,16,51,1,45,25,,35,14,11,13,26,,,,,,4,9,9,,,,,,,22
74,,,,,,,,,,,,,,,,,,,,11,,,,,,,,,,,,8,,,20,,,2,,,,,,11,5,2,,,,,,,,,,,,,,,,,61,,61,,210,,,,,14,2,239,67,189,61,,,,,,,,,,,,,,,,108,128,43,37,,2,8,81,40,61,,,5,20,61,70,5,108,,,,,,,2,2,43,,,,,,,,,,2,2,,,,,,,,,,,,,5,2,11,5,,,,,26,,8,,,,,,,,,,,,8,14,,2,,,,,5,,,,,,,,,11,,5,,,,,,,,,,,,,2,
75,,,,,,,,,,,,,,,,,,,,21,,,,,,,,,,,,15,,,37,,,5,,,,,,21,15,5,,,,,,,,,,,,,,,,,79,,79,5,378,5,,,,26,5,122,63,207,79,10,15,,,,,,,,,,,,5,,111,154,37,31,,,85,53,53,21,,,69,21,42,53,10,101,,,,,,,5,,69,10,15,,15,15,,,,,5,5,,,63,31,,21,,5,,90,,21,47,,5,,,,,,,,15,,42,21,,,,,,,,,,,5,31,5,5,,,,,,5,,,,,,,,,,,,,,,,,,,,,,
76,,,,,1,1,14,,,,,4,,11,4,,12,,,60,,,,,1,,,,,,,29,,,53,2,10,35,9,3,7,18,8,26,34,11,1,,,,,,,,,,,,,,,,82,23,130,80,170,12,5,,,7,17,39,23,175,62,3,5,,,,,,,,,,,,1,,139,102,27,7,2,8,100,17,19,11,1,4,38,110,86,13,3,71,,,,,,,1,3,22,,,,1,,68,34,9,11,12,,1,42,22,,,,,,,4,,,7,,6,3,,,,,9,,4,,,,5,5,,,,,,,3,6,3,1,3,5,,,4,1,,1,1,,,,,4,,2,,,,,,,,,,,,,1,
77,,,61,2,,,5,1,11,241,161,127,,190,179,93,12,9,,16,,,,,,,,,,,,6,,,383,122,11,710,23,8,40,18,6,19,183,2,,,,,,,,,,,,,,,,,95,16,514,54,122,12,2,,13,8,12,29,20,141,33,5,8,,,,,,,,,,,,2,,147,375,12,5,4,,33,4,11,6,2,8,12,36,33,5,,366,,,,,,,1,2,176,,2,2,1,,19,9,6,2,5,,,12,4,,,,,,5,1,,4,9,,1,,,,,,,,8,2,,,1,1,,,,,,,,4,5,,5,6,2,,,,,5,2,,,,,,,,,,,,,,,,,,,,,
78,14,,2,7,39,80,1,,,,,,,,,,,,,,,,45,234,190,36,223,99,113,62,71,7,1,0,14,,,11,,,9,1,,2,4,3,0,,56,57,36,3,5,55,28,,,,92,167,27,1,307,,,,3,,,,,,,,1,3,2,207,90,,,,7,1,,,,,,7,11,0,85,41,1,1,,,,,,,,,1,1,,,4,456,76,1,1,3,0,1,1,4,87,,3,,,,3,,,,,,,,,,,,5,3,0,1,,2,11,,11,,,1,,,5,,6,,5,,,,,,,2,2,,,,3,7,4,2,,,3,,,,3,1,5,,,,,,,1,,,,,,,,5,9,,,
79,0,0,,2,,,1,,,,,,,,,,,,,1,0,,,1,26,29,25,11,12,,,,0,0,2,,,3,,,4,0,,1,1,1,,,0,338,155,153,87,188,254,,,,10,1,,,15,,,,1,,,,,,,,0,1,0,20,358,121,0,93,213,13,2,,0,4,1,117,3,0,4,29,0,0,,,,,,,,,0,1,,0,0,206,506,6,5,3,,,,1,144,,0,,,,1,0,,,,,,2,,,,,,,2,,,0,2,,1,,,2,2,1,9,0,0,,1,,,,,,0,0,1,0,0,1,0,0,0,0,1,0,3,,0,9,6,0,5,2,3,,0,0,,0,,,,,,,,0,0,,,
80,0,0,,5,,,18,4,9,4,,,,,,,,4,,27,1,,,5,40,56,16,2,18,,,7,9,18,64,,,2,,,,,,2,2,21,,,,576,252,252,142,331,419,17,150,386,11,,,,23,,,,,,,,,,12,,,,,,784,526,50,204,370,30,3,4,113,178,66,343,,,12,78,15,5,,,,,,,4,9,0,7,,0,17,487,1300,169,14,152,56,,59,22,293,,4,4,,,1,0,,2,23,,,20,9,5,,5,,2,6,2,2,15,56,,9,35,4,22,4,10,287,13,19,,30,42,2,4,,,5,63,64,30,67,77,12,63,16,26,70,42,26,10,1,69,82,13,147,32,27,6,9,3,,,,,,3,,,,,,,,
81,5,10,21,60,,182,168,54,26,79,3,10,,,3,38,44,28,,3,,21,,207,315,14,74,,24,,,,,,26,,,47,,,,47,10,,7,,,,,62,287,,,10,54,85,47,115,,,,,,,,,,,31,,,,115,,,,,,7,93,184,21,10,24,287,76,60,21,,24,,,,15,,,,,,,,3,,,,,,,,76,127,12,28,24,,,,,21,,,,,,,,,,99,70,21,,,,,,,,,,,,,,,,,1,15,715,5,,,,,,,26,124,44,15,14,14,7,47,62,,23,3,24,53,3,72,398,14,111,54,10,53,8,3,19,10,,,,,15,21,28,42,51,21,5,,,,21
82,,,,,,129,12,,,70,,,,,,,106,77,,38,,38,,74,70,,116,,38,,,,,,,16,,67,,,,67,22,,,,,,,1613,1116,,3,3069,1745,196,164,16,,,,,,,,,,,22,,,,225,,,,,,2058,693,38,2465,3711,487,1923,187,622,112,58,519,,,,200,6,6,,,,,,,,,6,19,,6,19,1077,2746,90,271,190,,,,,732,,,,,,12,6,,,203,112,206,25,,,,,,,22,,,,,,,,,9,238,1048,29,,,,,,,229,542,119,,161,161,80,129,300,,125,,103,229,22,225,435,,300,148,,251,103,,22,,,,,,29,22,45,45,67,38,9,,,,
83,,,,,,9,2,,,4,,,,,,,5,4,,2,,2,,7,9,,16,,2,,,,,,,1,,3,,,,3,1,,,,,,,373,274,2,7,614,404,10,11,1,4,,,,6,,,,,,1,,,,10,,,,,4,512,137,2,406,735,175,165,27,97,28,3,128,,,,39,1,1,,,,,,,,,1,4,,1,1,241,621,17,47,36,,,,,169,,,,,,2,1,,,10,5,13,5,,,,,,,3,,,,,,,,,2,63,95,3,,,,,,,14,30,9,,10,10,5,8,17,,6,,5,12,2,17,34,,20,8,,13,7,,1,,,,,,3,1,2,2,7,4,1,,,,
84,,,,,,23,,,,7,,,,,,,31,15,,7,,7,,7,7,,33,,7,,,,,,,,,23,,,,23,7,,,,,,,159,106,,1,356,187,41,11,,3,,,,5,,,,,,7,,,,78,,,,,3,177,63,27,297,981,1548,1197,368,1402,597,9,45,,,,96,,,,,,,,,,,,,,,1,606,1335,327,786,673,,,,,388,,,,,,,,,,39,31,23,,,,,,,,35,,,,,,,,,11,1282,549,,,,,,,,23,78,7,,15,15,7,23,47,,7,,7,15,15,31,86,,23,7,,15,,,,,,,,,,7,15,15,,,,,,,
85,6,12,40,111,,321,253,74,30,123,9,27,,,9,61,114,64,,9,,55,,308,435,37,194,,64,,,,,,30,,,101,,,,101,27,,9,,,,,185,376,,,759,157,225,64,21,,,,,,,,,,,67,,,,277,,,,,,49,12,500,1839,1447,1876,3568,1003,3179,1139,9,12,,,,182,,,,,,,,9,,,,,,,,1077,2531,660,1756,1315,,,,,691,,,,,,,,,,268,160,206,,,,,,,,86,,,,,,,,,37,2259,3056,83,,,,,,,234,595,191,18,166,166,83,172,348,,163,,142,324,,469,1160,30,552,237,27,339,123,9,64,12,,,,,101,33,37,67,268,135,33,,,,24
86,3,6,6,20,,74,67,13,,16,3,10,,,3,13,16,13,,3,,6,,81,138,13,30,,10,,,,,,,,,10,,,,10,3,,3,,,,,27,138,,,84,43,50,10,3,,,,,,,,,,,6,,,,33,,,,,,,16,145,195,260,631,1097,87,1306,536,6,,,,,81,6,3,,,,,,3,3,6,,3,,,3,506,1030,290,719,604,,,,,266,,3,3,,,,,,,16,10,,,,,,,,,27,,,,,,,,,6,864,749,20,,,,,,,,30,,,,,,,10,,10,,10,27,,60,233,13,81,20,10,20,3,3,13,,,,,,30,16,20,33,84,40,10,,,,
87,,,,,,,0,0,0,0,,,,,,,,0,,0,,,,,0,0,0,0,0,,,,,0,2,,,,,,,,,,,,,,,1,,,,8,1,,7,13,,,,,0,,,,,,,,,,1,,,,,,0,14,4,23,33,87,126,47,134,75,1,2,,,0,12,0,0,,,,,,,0,0,,0,,,0,74,154,40,98,80,,,,0,39,,0,0,,,,,,0,1,,,0,0,0,,0,,0,3,,,0,0,,,,,0,118,44,3,,,,0,0,,,,,0,0,0,0,0,0,,0,0,0,0,0,1,,,3,0,,0,,,,0,,,,,1,,,,3,1,0,,,,
88,,,,,,,15,5,10,5,,,,,,,,3,,25,,,,10,13,20,20,,20,,,3,3,16,38,,,,,,,,,,,8,,,,28,3,3,,16,6,,15,89,16,,,,10,,,,,,,,,,10,,,,,,50,316,20,58,134,510,621,267,1033,333,32,62,,,8,72,13,5,,,,,,,5,10,,5,,,11,466,1083,331,581,615,43,,32,5,276,,5,5,,,,,,,10,,,,6,,,,,,15,,,3,25,,5,15,1,20,748,274,242,6,10,,6,35,,8,,,,47,48,18,55,64,6,42,11,18,53,35,32,6,,74,75,8,114,30,35,8,,,,,,,,3,,,,,,,,
89,,,,,,,17,5,11,5,,,,,,,,5,,28,,,,,11,,11,17,22,,,,,17,125,,,11,,,,,,11,11,,,,,62,5,,,51,17,34,68,153,,,,,5,,,,,,,,,,11,,,,,,68,399,,102,51,28,17,11,79,108,34,,,,22,17,17,5,,,,,,,5,11,,5,,,22,142,228,387,39,262,,,34,22,68,,5,5,,,,,,,11,,,,22,,,,,,11,11,11,,,,,,,57,34,11,222,11,,,,5,11,28,,,5,22,28,17,51,74,,28,,17,57,45,,11,5,34,39,,79,28,11,11,5,11,,,,,,,,,,,,,,
90,2,2,,13,,,8,,,,,,,,,,,,,8,4,,,4,80,97,8,,17,,,8,13,6,11,,,13,,,15,2,,4,4,28,,,8,1289,589,609,346,716,980,,77,235,8,,,,26,,,,,,,,,,2,,,,,26,1772,805,31,358,807,51,8,,46,82,,71,6,,2,117,2,2,,,,,,,,,2,6,,2,,820,2248,80,8,57,53,,53,15,578,,,,,,4,2,,2,11,,,22,4,4,,4,,2,11,,,8,48,,11,40,4,4,11,,204,8,22,,17,37,,,,,2,53,51,22,53,57,13,57,17,22,53,31,13,,,31,53,13,111,17,13,4,4,,,,,,,,,,,,,,,
91,137,,,,11,126,34,,,,,,,,,,,,,,,,68,34,11,,,,11,,103,,,,57,,,68,,,80,11,,22,22,,,,11,,,,,,,,,,,22,22,,91,,,,34,,,,,,,,11,34,22,206,252,,,,,,,,,,,34,22,11,57,22,,,,,,,,,,,,,,,11,274,148,,,,,,,22,22,,,,,,,,,,,,,,,,,,,,,,,45,91,,22,,,,,,,,,,91,,,,,,,45,45,,,,,,,,,,,,,,,,,,,,,,,,,,,,,,,,,,,
92,,,,,,,,,,,,,,,,,,,,,,,,,,,,,,,,,,,,,,,,,,,,,,,,,,,,,,,,,,,,,,,231,,,,,,,,,,,,,,,115,346,,,,,,,,,,,,115,,,115,,,,,,,,,,,,,,,115,346,,,,,,,,,,,,,,,,,,,,,,,,,,,,,,,,,,,,,,,,,,,,,,,,,,,,,,,,,,,,,,,,,,,,,,,,,,,,,,,,,,,,,,,,
93,428,530,69,956,352,185,1249,52,54,32,14,9,,37,4,19,71,84,44,1254,178,54,94,327,247,52,114,148,91,4,153,143,24,374,1140,42,39,91,42,19,57,116,47,118,118,96,,,86,2,,7,,64,24,,7,9,,255,59,,946,242,423,267,510,69,14,4,2,52,47,91,52,565,262,322,76,32,,,,,,,9,12,9,2,12,,927,892,14,2,19,7,168,37,64,39,,,49,143,156,12,148,1581,76,12,,24,7,4,12,37,773,,4,,,,79,49,,,14,2,,24,37,,,,9,9,32,37,,54,66,12,89,37,7,4,,,151,9,64,29,39,,,,,,,39,19,,2,39,22,32,22,19,,2,49,9,4,9,9,14,42,14,9,12,,,14,7,4,,2,,4,22,9,17,24,4,22,
94,115,139,59,293,56,26,358,19,43,192,94,166,4,253,133,104,42,31,12,347,18,2,3,33,31,13,19,13,8,6,5,8,3,16,578,84,17,778,96,45,100,69,17,127,243,10,0,,7,74,31,21,14,54,54,1,8,17,5,25,1,,66,95,559,46,124,16,7,12,43,71,58,22,14,85,138,32,103,42,4,31,57,25,30,12,50,21,1,27,1,0,184,301,122,73,4,8,74,25,42,20,7,25,33,69,34,45,124,712,203,14,30,29,2,0,39,29,478,9,67,14,22,12,40,28,15,18,83,31,43,53,14,29,,31,1,18,53,57,5,77,120,9,134,149,2,6,25,24,107,21,64,36,58,14,5,30,67,81,7,38,20,8,27,68,38,48,26,33,24,3,62,38,6,29,9,19,40,16,25,23,4,22,5,14,5,48,24,35,34,83,52,16,14,10,50,41
95,5,2,2,20,27,,24,2,9,22,,110,2,104,12,68,14,,,19,3,,,,,,5,4,,,,,,1,84,13,2,281,95,130,130,68,40,130,129,,,,,2,2,,,4,3,,,1,,,,,10,4,191,60,176,36,9,18,123,327,201,17,8,51,10,3,5,18,,2,4,,,2,9,9,3,1,,,6,275,64,173,10,13,174,45,183,88,19,61,119,214,47,111,60,109,16,,,3,,,1,9,191,60,308,39,67,48,95,63,35,44,120,44,12,136,42,,,,,120,76,55,,26,43,4,14,6,2,1,,2,18,4,29,14,9,2,,4,11,12,,2,5,2,12,21,16,40,19,16,2,1,4,1,,18,10,2,5,1,1,13,1,4,,,,3,1,2,2,8,4,1,,,4,2
96,,,,,,,,,,3,,5,,3,3,17,2,,,,,,,,,,2,2,,,,,,,6,3,2,19,10,36,30,9,12,15,7,,,,,1,1,,,2,1,,,,,,,,3,,9,16,57,11,1,3,33,110,66,6,3,6,2,1,2,3,,1,2,,,0,2,1,0,0,,,0,73,77,3,4,2,53,10,55,26,7,24,39,71,16,38,3,40,4,,,0,,,0,1,17,12,83,16,21,12,37,26,15,17,52,20,4,50,12,,,,1,23,16,11,,2,3,0,3,3,1,0,,0,8,,2,,4,2,,2,5,5,,,,,,,0,1,0,0,,,2,,,,,,,,,,,,,,,,,,,,,,,,,1
97,,,,,,,,,,,,,,,,,,,,,,,,,,,,,,,,,,,9,,19,139,29,,119,9,,19,49,,,,,,,,,,,,,,,,,,59,,19,188,,,,,,,,,,39,29,,,,,,,,,,,,,,,,79,89,89,79,99,,,,,,,,,,,,19,168,,,,,,,,,159,,,,,,,,,,,,,,,,,,,,,79,,,,,,,,,,,,,,,,,,,,,,,,,,,,,,,,,,,,,,,,,,,,,,,,,,,,,,,,,,
98,,,,,,,,,,,,42,,95,42,,10,,,,,,,,,,,,,,,,,,21,21,10,222,63,,42,31,31,95,21,,,,,,,,,,,,,,,,,,,,31,42,105,,21,,,,42,10,,148,,,,,,,,,,,,,,,,,31,179,127,42,,,158,105,10,,10,10,,21,52,52,21,31,,,,,,,,10,63,,,,10,,21,,,,,,,,,,,,,,,,,,21,,42,31,,,,,84,,10,,,,,,,,,,,,31,52,,10,,,,,42,10,,,,,,,,42,,21,,,,,,,,,,,,,10,
99,10,7,34,46,1,1,13,2,58,76,8,3,,15,8,35,25,1,,41,,,,,1,,,,,,,20,,,63,28,7,58,2,6,31,52,70,76,46,7,1,,,,,,,,,,,,,,,,26,16,68,10,386,75,7,2,,5,34,1,10,102,15,,,,,,,,,,,,,,,,42,91,95,65,,9,272,30,13,3,5,11,33,117,100,159,3,18,,,,,,,2,1,11,19,55,1,6,4,66,27,21,10,18,20,8,35,33,,,,1,23,8,61,,21,20,1,9,10,5,2,,,17,,10,10,10,5,4,16,7,36,0,0,1,0,5,9,3,3,5,8,1,,5,,,4,0,,,,,10,,3,,,,7,,,,17,10,2,,,3,6
100,13,,34,83,,,,,62,97,34,,,,,,,,,,,,,,,,,,,,,,,,13,27,,13,,,,,,,27,,,,,,,,,,,,,,,,,,31,,10,13,66,,,,,,27,97,34,100,10,,,,,,,,,,,,,,,,52,170,138,69,,34,166,250,48,20,13,6,34,34,232,152,6,38,,,,,,,,27,55,27,83,,6,6,6,,,,3,,,,27,13,,6,,27,6,138,,,83,27,41,,,,,,,,62,,,,,,,,,,,,20,34,27,90,27,41,27,,,,,41,13,,,,,27,,13,,,,,,,,,,,,,6,
101,1,,3,6,,,,,7,9,,,,,1,11,2,,,6,,,,,,,,,,,,4,,,15,3,,12,6,117,18,1,,8,9,1,,,,,,,,,,,,,,,,,14,,13,1,26,,,6,75,376,134,7,5,16,4,,,,,,,,,,,,,,,,13,43,81,55,,0,10,7,116,101,,3,107,113,11,10,1,38,,,,,,,1,1,47,65,173,9,2,3,6,3,,,37,2,,3,14,5,,3,,143,87,10,3,12,5,1,4,2,,,,,9,,7,5,6,,1,10,,3,7,5,9,4,2,7,4,10,1,2,2,1,2,1,,2,1,,4,4,1,3,4,1,,,,,1,2,2,,,,,,0,
102,,,,,,6,,,,2,,,,,1,12,10,4,,2,,2,,4,2,,6,,2,,,,,,9,1,,18,6,130,20,7,2,4,5,,,,,4,,,,,,4,,,,,,,15,,15,,18,,4,6,84,414,167,23,4,20,5,,,,2,,,,3,1,,,,,,,18,45,87,59,,,6,6,226,,,,110,120,7,9,,38,,,,,,,,,52,71,192,10,2,3,,,,,47,9,,,13,4,,2,,159,96,4,,6,2,,,,,,,,,,3,4,,,,4,20,,1,2,2,1,1,3,3,5,1,2,2,1,,1,,2,1,,3,3,,,,,,,,,1,2,2,,,,,,,
103,4,,13,27,,,,,11,29,31,68,,86,6,13,2,,,,,,,,,,,,,,,,,,20,18,2,29,259,36,278,6,,,18,,,,,,,,,,,,,,,,,,,,18,4,18,,4,6,321,75,221,,,4,4,,,11,,,,,,2,9,6,2,,,,,34,38,31,,2,18,9,,,27,177,52,27,,4,2,31,6,,,2,,,,,9,9,34,31,22,6,129,52,9,,52,,9,50,29,13,,13,9,2,36,66,25,6,,,,,,,,2,,,,6,,2,47,61,,50,18,2,6,4,,4,4,6,4,,,,,,4,11,6,,4,4,4,4,9,,,,,,,,,,,,,,,
104,3,5,14,15,,,0,,17,25,9,48,,64,4,10,7,,,,,,,,,,,,,,,,,,23,10,0,21,182,27,191,5,,11,18,,,,,,,,,,,,,,,,,,,,17,0,25,,3,5,221,64,182,,,6,5,,,8,,,,,,1,6,5,1,,,,,42,46,41,,0,15,1,5,,66,73,56,59,13,5,1,20,5,,,1,,,,,8,6,50,28,23,3,164,81,99,30,129,88,9,48,15,6,,5,6,2,20,55,20,6,0,,,,,,,1,,,1,4,3,1,34,49,20,39,17,3,9,5,,4,2,5,2,0,,,,,3,8,5,,3,4,4,4,9,,,,,,,,,,,,,,,10
105,3,6,18,16,0,0,5,,21,24,8,14,,19,2,6,13,0,,18,,,,,0,,2,2,,,,8,,,25,6,2,9,51,66,60,2,,13,18,3,0,,,1,1,,,2,1,,,,,,,,10,7,25,0,35,,1,4,98,211,119,1,7,35,5,1,2,0,,1,2,,,,,,,0,,,11,36,58,43,,,30,5,117,54,12,36,13,127,35,11,0,34,2,,,,,,,1,28,35,114,5,5,5,84,34,33,14,49,27,12,66,31,10,,5,,79,50,27,5,11,6,0,1,1,,,,,5,,7,6,2,0,11,31,12,49,7,2,5,2,0,5,5,12,2,2,1,0,1,0,1,3,5,,6,3,1,1,3,,,,,,0,1,1,,,,,,,6
106,10,14,43,44,1,1,18,2,66,77,3,,,3,1,6,32,2,,58,,,,,1,,3,2,,,,26,,,74,21,8,23,5,75,13,3,3,35,51,10,1,,,3,3,,,7,5,,,,,,,,28,23,77,3,118,4,,3,48,240,143,4,2,110,15,1,7,4,,3,7,,,0,2,1,0,1,,,35,82,113,85,,1,114,6,134,64,7,42,138,133,108,43,1,77,10,,,0,,,,3,31,50,177,18,37,24,157,85,58,48,114,63,28,144,62,,,1,4,92,55,29,0,12,15,1,3,1,,,,0,5,,12,6,4,2,6,34,32,82,0,0,1,0,,1,6,16,5,6,1,,1,,,3,3,1,2,,,2,,,,,,1,,,,4,2,0,,,1,14
107,20,19,78,87,1,1,23,7,130,161,4,5,,,1,10,35,5,,61,,,,,1,,,,,,,29,,,89,42,5,16,3,9,45,7,7,63,71,10,1,,,,,,,,,,,,,,,,35,23,74,9,200,,,3,,7,32,19,7,128,21,,,,,,,,,,,,,,,,57,61,37,29,,4,145,60,19,6,,14,58,162,107,62,3,24,,,,,,,,5,11,4,11,0,10,12,103,44,45,18,30,52,23,59,74,,,,0,3,3,17,,6,13,5,10,3,,,,,16,,10,,10,5,7,41,18,107,1,1,3,1,,,3,10,3,5,3,,3,,,5,1,,,,,7,,,,,,,,,,,,,,,3,18
108,17,,53,77,,,11,11,119,158,,8,,14,8,50,20,5,,2,,,,,,,,,,,,,,,50,62,11,71,5,8,74,110,167,125,71,,,,,5,5,,,11,8,,,,,,,,11,,53,17,787,173,11,5,,2,53,71,29,65,11,,11,2,,5,11,,,,,,,2,,,14,266,290,224,,14,763,131,62,23,5,17,62,215,206,209,5,113,14,,,,,,5,14,32,44,134,,23,20,50,11,14,14,62,,14,41,77,,,,,50,20,152,,41,59,8,35,29,11,5,,,68,,44,23,11,5,2,20,29,50,2,2,5,2,,,14,35,17,23,5,,17,,,11,2,,,,,11,,,,,,8,,,,20,11,2,,,5,11
109,228,346,30,578,109,39,705,6,54,73,,261,6,237,6,12,6,18,12,699,6,3,3,36,15,,,,,36,3,3,,,541,3,3,483,139,27,12,97,6,203,209,,,,,3,,,,9,3,6,6,6,,15,,,30,188,383,30,24,,9,,,,6,6,6,18,,21,9,54,,18,9,3,,3,12,21,12,,3,3,182,742,161,21,6,6,15,6,9,,3,6,3,6,12,6,,103,48,,,48,12,,36,60,1357,,3,3,,,,,,6,24,6,69,12,6,60,,69,6,24,200,249,9,289,249,24,112,39,,33,,3,112,45,146,91,322,60,9,66,63,203,45,185,127,42,57,139,63,155,88,45,15,12,21,3,6,82,24,30,60,51,54,33,30,15,12,,6,6,6,6,12,27,12,3,,,15,33
110,56,88,65,114,74,111,145,10,8,133,88,46,,143,130,27,5,22,10,175,59,15,72,292,237,68,132,82,85,40,117,102,48,170,440,58,4,556,18,20,29,15,2,22,112,162,18,,63,411,182,156,92,289,302,1,32,71,43,199,43,1,411,1,288,11,63,7,3,2,8,54,35,15,7,48,110,289,585,213,17,139,285,128,145,62,251,115,10,153,10,1,265,580,39,33,7,1,12,4,31,14,5,10,25,53,11,15,14,1879,1075,74,140,142,6,5,137,72,666,2,40,5,7,5,25,9,,6,62,18,25,46,11,23,,24,22,20,56,31,6,46,231,25,444,438,15,8,144,98,253,51,140,25,24,7,6,17,27,71,2,15,10,4,52,125,83,78,40,92,75,5,173,122,17,74,19,37,124,37,52,46,0,66,10,43,8,157,75,110,103,250,160,57,52,24,127,63
111,2,13,6,39,10,51,30,1,2,1,,,,5,5,,,2,,52,9,7,30,103,297,231,51,21,74,62,37,56,26,75,99,,,31,,,9,1,,5,7,63,,,14,3346,1511,1630,931,1891,2517,23,177,457,44,47,21,,173,,,,,,,,,,14,,,,,154,4554,1810,95,1125,2325,896,1084,403,1669,850,52,1337,17,,41,527,18,10,,,,,,,3,7,6,23,,6,21,3413,7346,526,948,910,95,15,309,316,2280,,11,3,,,13,10,,6,51,2,,66,21,21,,25,23,14,101,35,2,161,529,54,579,99,84,56,1119,433,468,60,317,,312,89,13,29,,35,37,215,169,84,174,198,153,353,156,87,75,46,95,87,19,107,109,52,505,166,119,54,21,38,5,26,,60,34,44,48,47,27,35,62,,38,13
112,,,,,,,,,,,,,,,,,,,,,,,,2,27,4,14,22,39,,,,,,73,,,12,,,,,,12,12,,,,4,85,9,,,14,4,,29,211,2,,,,,,,,,,,,,,,,,,,4,110,436,17,68,122,407,525,211,819,483,166,88,,,12,71,,,,,,,,,,,,,,,,436,976,520,530,748,68,,63,27,201,,,,,,,,,,,,,,39,,,,,,29,9,9,,29,,7,7,7,108,503,211,645,39,7,,,49,9,49,,,9,95,93,49,152,189,7,103,12,49,191,139,9,12,9,115,152,29,282,68,39,22,9,19,,,,,,,,,,,,,,
113,,,,,,,,,,,,,,,,,,,,,,,,6,13,8,28,26,55,,,,,,,,,,,,,,,,,,,,4,17,,,,64,8,,,8,11,,,,,,,,,,,,,,,,,,,4,80,33,35,186,300,887,1266,473,1780,767,15,8,,,,131,,,,,,,,,,,,,,,,752,1595,480,707,881,4,,2,,384,,,,,,,,,,,,,,,,,,,,51,,,,,,,,,24,1145,449,95,2,,,,4,,,,,,4,8,2,6,13,,8,13,15,17,15,44,,,93,24,,13,4,8,,,,,,,33,,,,77,44,11,,,,
114,,,,,,1,0,0,0,0,,,,,,,,0,,1,,,0,0,1,1,1,,2,0,1,1,0,1,9,,,0,,,,,,0,0,0,,,0,6,0,0,,5,0,1,3,11,1,,0,,0,,,,,,,,,,0,,,,,1,5,38,3,14,24,81,101,42,157,87,10,6,,,2,13,0,0,,,,,,,0,0,,0,,,3,81,164,72,94,87,17,2,30,15,50,,0,0,,,,,,,0,,,,2,,,,0,,4,0,0,,,,,0,0,31,110,46,53,1,,,,4,0,3,,,0,7,7,3,10,13,,5,0,3,12,8,5,5,0,12,11,0,18,5,3,1,0,0,,,,1,0,1,0,3,1,0,,,,
115,,,,,,10,,,,,,,,,,,,,,2,,,5,,,,,,,,5,7,2,7,5,,,,,,,,,,,4,,,,,,,,,,,,,,,2,,1,,,,,,,,,,,,,,,1,,86,,,,,,,,37,,34,,,4,5,,,,,,,,,,,,,,,5,21,103,40,2,103,17,5,72,28,27,,,,,,,,,,,,,,,,,,4,,2,,,,,,,2,2,34,,,129,5,,,,23,,,,,,31,28,11,34,34,,17,,8,34,20,,5,,20,25,,57,11,8,2,,,,,,,1,2,2,,,,,,,
116,,,,,,38,,,,,,,,,,,,,,,,,19,,,,,,,4,23,,,,,,,,,,,,,,,,,,,,,,,,,,,,,,19,,14,,,,,,,,,,,,,,,14,,,,,,,,,,,,,,,9,4,,,,,,,,,,,,,,,,57,57,,,43,19,,47,19,14,,,,,,,,,,,,,,,,,,,,4,,,,,,14,19,9,9,,,19,,,,,,,,,,,,,,,,,,,,,,,,,,,,,,,,,,,,,,,,,,,,,,,
117,,2,1,7,,,5,,,,,,,,,,,,,7,1,,,,,,,,,1,1,6,5,7,13,,,,,,,,,,,9,,,,,,,,,,,,31,,,2,,15,,1,,9,1,,,,,,1,1,3,1,2,,83,,,,,,,,25,7,31,,,6,101,1,1,,,5,,2,,,,,,,2,15,434,309,34,1,169,66,13,190,95,91,,,,,,,,,,,,,,,,,,11,,11,3,3,,15,14,289,381,70,71,,30,384,40,31,,,10,3,,,,,14,13,5,21,33,14,37,13,50,68,22,173,150,18,56,23,5,58,13,18,9,,9,,2,,116,79,117,111,232,133,34,5,,9,
118,3,7,16,53,,10,28,,8,14,,,,14,3,,5,,,23,10,3,7,,3,,,7,5,,7,10,,17,39,,3,23,10,,5,3,1,8,7,3,,,,5,1,5,3,,3,,7,17,,1,3,,7,3,25,,16,1,,,,,,1,,8,3,12,12,42,,,,,,,3,5,7,12,3,,26,103,14,3,,1,3,14,5,,,,5,10,10,8,35,313,427,19,,118,35,7,128,207,282,3,10,,,,,,,,,3,,,,,,,10,3,37,171,5,89,533,239,476,1009,,60,5,256,642,53,180,,171,37,12,21,5,32,19,89,62,30,46,57,78,136,84,85,34,16,374,277,44,64,42,34,154,46,25,23,12,3,1,8,14,57,188,259,268,118,28,28,60,5,14,7
119,75,124,29,164,38,23,219,2,12,62,33,86,1,112,47,11,4,6,2,206,16,2,9,55,46,12,12,,14,13,15,11,5,13,241,22,2,316,48,25,9,28,3,58,93,17,2,,9,212,95,113,62,121,160,2,6,12,8,29,5,,50,50,207,8,15,1,3,0,12,50,20,4,3,10,37,38,288,90,3,66,140,57,65,23,94,47,3,76,0,,91,274,48,9,4,1,5,4,27,13,1,2,14,15,3,3,130,467,504,23,50,62,5,0,20,46,398,14,30,1,0,0,3,3,,2,28,9,23,7,5,22,,24,9,41,69,107,7,74,215,41,49,150,,9,81,62,86,19,78,31,65,12,8,23,24,72,8,38,27,8,25,105,55,67,25,28,19,2,46,35,7,33,8,33,69,18,26,21,6,32,7,52,0,43,23,28,32,92,50,15,7,21,126,121
120,,,,,,,,,,,,,,8,5,,,,,,,,,,,,,,,,,,,,1,,,21,10,150,10,8,8,15,3,,,,,,,,,,,,,,,,,,1,,5,1,54,14,,3,90,464,153,,3,,,,,,,,,,,,,,,,,,,33,93,42,,,54,14,224,111,7,14,113,146,8,26,,12,,,,,,,,3,86,7,281,19,7,3,3,1,,,67,17,81,21,7,56,,58,15,314,164,90,3,42,24,3,5,,,,,,,,19,30,7,3,,37,174,65,,,,,,5,21,37,15,12,3,,,,,8,10,7,12,,,,,1,,,,5,,,,12,7,1,,,,1
121,,,,,,,,,,1,,3,,8,4,13,1,,,,,,,,,,4,3,,,,,,,5,1,,26,14,109,28,8,7,9,4,,,,,,,,,,,,,,,,,,6,,8,1,41,11,,6,82,337,147,,1,,0,2,0,2,,,,,,0,1,1,0,,,,0,63,130,79,,,43,11,163,81,7,28,98,141,6,21,0,47,4,,,0,,,,2,49,76,137,18,25,25,50,29,29,20,56,27,3,78,20,,,,3,148,85,55,0,18,17,2,4,,,,,0,,,14,12,1,0,,,,,,,,,,2,9,14,7,10,2,,,,,5,8,0,2,,,,,,,,,4,,,,10,5,1,,,,
122,,,,,,,,,,3,,8,,3,1,6,,,,,,,,,,,,,,,,,,,5,2,,9,21,24,25,,,4,2,,,,,,,,,,,,,,,,,,,,6,,4,,,1,36,70,52,,,,2,,,5,,,,,,1,4,3,1,,,,,33,38,37,,,2,,20,10,16,37,10,35,1,,1,16,3,,,1,,,,,6,12,43,2,27,4,29,30,1,12,54,27,,19,8,,,,6,19,10,11,1,6,1,,,,,,,1,,,,3,4,2,,,,,,,,,,,2,2,1,,,,,,,,,2,3,,,,,,,,,,,,,,,,,,,
123,13,,41,55,,,11,11,90,123,,19,,8,2,16,2,5,,2,,,,,,,,,,,,,,,30,44,2,13,55,30,60,,,,41,,,,,,,,,,,,,,,,,,2,,13,11,63,,,2,79,44,77,,8,5,2,,,,,,,,,,,,,,,,,121,162,115,,2,27,5,13,5,27,77,24,170,33,22,,46,,,,,,,,,2,11,146,66,66,123,110,129,2,82,129,63,8,190,225,16,,8,5,,,38,5,33,5,,,,,,,,,,8,27,,,2,13,,16,2,5,5,2,2,2,19,30,8,5,5,2,,2,,5,2,11,27,8,,,,,,,,,2,5,5,,,,,,,5
124,13,,41,59,,,9,9,91,114,,,,,,,,4,,2,,,,,,,,,,,,,,,15,31,,13,,4,,,,,31,,,,,,,,,,,,,,,,,,6,,,11,61,,,,2,27,15,,6,,,,,,,,,,,,,,,,,,,54,95,54,,,15,4,15,6,6,9,22,93,31,15,,31,,,,,,,,,4,4,118,9,102,68,13,15,20,31,2,,13,95,246,36,,22,2,4,13,36,2,25,6,,,,,,,,,,11,20,,,2,27,,13,4,9,13,6,4,4,13,29,6,6,4,2,,2,2,4,11,4,20,11,,9,,,,,,13,2,4,4,,,,,,4,4
125,4,8,21,19,0,0,6,,27,30,6,16,,25,1,,16,0,,24,,,,,0,,3,2,,,,11,,,31,8,3,4,65,2,67,2,,16,21,4,0,,,1,1,,,2,2,,,,,,,,9,9,27,0,41,,1,1,76,13,82,,,41,5,2,3,0,,1,2,,,,,,,0,,,11,29,30,27,,0,38,0,4,,20,70,55,94,41,6,,22,3,,,,,,,,4,0,38,9,14,2,103,110,55,35,98,60,20,107,21,5,,3,,1,11,37,15,9,1,,,,,,,,,,2,6,2,0,23,47,16,62,11,2,5,2,,2,4,7,3,1,,,,,2,6,8,,2,2,2,2,6,,,,,,,,,,,,,,,7
126,1,3,9,6,0,0,4,,10,11,2,13,,20,1,,8,0,,18,,,,,0,,,,,,,5,,,15,2,2,2,50,1,52,1,,6,10,2,,,,1,1,,,2,1,,,,,,,,8,6,22,,21,,1,1,59,7,45,,,33,4,,2,0,,1,2,,,,,,,0,,,11,32,32,29,,,25,,3,,13,55,35,81,28,2,,13,4,,,,,,,,7,0,35,15,27,4,176,106,3,37,134,54,21,118,10,5,,2,0,1,9,44,19,15,2,,,,,,,,,,5,11,2,0,25,44,5,46,9,1,4,2,,2,9,8,8,9,2,1,4,,1,13,7,,2,2,2,2,5,,,,,1,,,,,2,,,,,1
127,9,19,43,38,,,4,,58,62,4,,,,,,29,,,,,,,,,,,,,,,,,,38,14,,4,,,,,,43,43,,,,,,,,,,,,,,,,,,,,14,,77,,,,,24,146,,,14,4,,,,,,,,,,,,,,,,,30,30,30,,,33,,,,3,113,58,92,48,4,,,,,,,,,,,,,59,0,0,8,146,5,257,72,154,227,,1,34,17,,9,,,7,27,1,8,2,,,,,,,,,,5,8,,,1,1,58,,,,,,,,4,11,4,2,,,,,,,,,,,,,,,,,,,,,,,,,,,,29
128,3,6,14,12,,,1,,19,20,1,,,,,,23,,,12,,,,,,,,,,,,7,,,25,4,9,20,4,,4,17,,14,26,3,,,,,,,,,,,4,6,,,,,7,4,23,,33,,9,,,7,74,,,28,3,,,4,,,,,,,1,,,1,,,,58,61,53,,,26,,,,,57,41,125,31,7,3,23,7,,,,,,,,12,,66,17,47,22,153,103,118,101,150,111,23,214,63,28,,25,,11,23,22,4,,,,,,,,,,,,,,,,4,4,19,9,19,,,,,7,,,,,,,,6,,7,4,,3,4,4,4,9,,,,,,,,,,,,,,,9
129,2,5,21,10,,37,13,24,20,38,26,95,,66,5,53,59,35,,8,,9,,29,30,,29,,9,,,,,,53,4,,177,154,9,175,110,13,13,29,,,,,17,21,,,11,4,17,6,8,,,,,8,,11,,23,,75,4,177,69,298,0,0,8,1,,,10,23,26,13,8,36,2,5,2,0,2,,,2,68,44,43,,,12,0,30,17,9,63,37,79,14,8,3,62,16,,,0,,,,,40,16,49,20,19,0,113,97,67,40,1153,687,289,68,5,168,,136,1,58,161,48,25,,,,,,,,10,86,,,,,,1,27,199,796,289,51,24,24,12,51,65,,8,,7,16,2,11,47,0,40,27,,29,21,10,18,27,21,,,,,2,5,5,,,,,,2,127
130,6,11,30,22,,28,11,15,36,52,15,49,,31,2,20,61,26,,7,,7,,21,20,,23,,7,,,,,,44,8,,101,70,,77,66,10,25,32,,,,,15,10,,,6,1,15,,,,,,,5,,,,43,,44,0,80,19,203,0,0,,,,,,17,15,6,6,22,1,,,,,,,0,26,16,17,,,13,,2,3,,44,21,45,25,,0,19,0,,,,,,,0,14,4,24,10,9,,71,40,101,30,704,506,144,12,,79,,67,,16,81,14,8,,,,0,,,,8,54,,,,,,0,8,92,403,145,18,15,15,7,35,45,,5,,5,11,1,7,30,,24,16,,19,6,2,5,10,9,,,,,1,3,3,,,,,,,88
131,1,2,5,4,,5,1,,6,10,0,,,3,,,13,5,,1,,1,,3,1,,5,,1,,,,,,1,1,0,10,4,,4,8,2,4,4,,,,,3,,,,6,0,3,,,,,,,2,,0,,7,,5,,4,0,28,,,0,,,,,2,12,7,2,13,,,,,,,,,17,2,1,,,2,,,,0,2,4,9,5,1,4,12,,,,,,,,,16,9,1,,0,1,11,7,,3,138,67,126,10,0,116,,96,,35,93,0,0,0,,,,,,,3,21,,,0,0,1,1,0,107,334,155,1,11,10,5,11,21,0,4,0,3,6,0,5,11,,6,3,,6,4,1,3,0,4,,,,,0,1,1,,,,,,1,11
132,5,4,20,28,0,0,12,,35,41,0,15,,27,0,,15,0,,46,,,,,0,,,,,,,19,,,41,9,6,7,66,2,67,2,,8,21,7,,,,6,6,,,12,9,,14,19,,,,,12,19,31,3,45,,1,1,76,30,113,,,54,7,,12,17,,6,12,,,,4,,,7,,,7,82,94,77,,,44,,4,,17,45,93,187,52,11,3,88,39,,,,,,,,20,9,128,13,54,33,233,160,1,106,128,22,41,392,72,22,,22,3,14,20,54,22,30,3,,,,,,,,,,6,25,3,0,26,53,7,71,12,2,6,3,,3,19,25,12,7,,,9,,2,19,22,6,12,3,3,3,7,,,,,,,,,,,,,,,3
133,20,4,64,85,,,13,13,134,165,2,3,,2,,,4,6,,18,,,,,,,,,,,,14,,,38,45,,18,4,6,4,,,4,50,4,2,,,,,,,,,,4,19,,,,,9,7,14,14,99,,,,8,39,26,,9,29,2,,,8,,,,,,,1,3,3,1,,,12,23,30,19,,,43,6,23,9,10,14,46,83,67,21,1,22,13,13,,9,,,,,14,3,34,5,67,88,49,14,29,32,11,,3,75,243,90,,62,3,18,36,61,1,58,18,,,,,3,,,13,,34,42,,,3,55,,19,6,16,26,13,16,23,34,55,23,32,19,9,,3,3,16,23,3,31,16,,13,,,,,,24,3,6,6,,8,,,,6,6
134,,,,,,,,,,,,,,,,,,,,,,,,,,,,,,,,,,,,,,,,1,,,,,,,,,,,,,,,,,2,2,,,,,2,,,,,,,,0,5,4,,2,,,,,2,,,,,,,0,,,0,,,,19,,,,,,1,3,1,2,2,6,,,,6,19,5,,,,,,,,26,10,,,2,5,4,3,6,6,137,63,197,9,37,81,,131,0,46,120,14,,15,5,,,,,,,,,,10,10,,,,92,330,150,,,,,,0,9,10,7,10,2,1,,,,2,,,1,,,,,1,,,,2,,,,,3,,,,,12
135,,,,,,,,,,,,,,,,,,,,,,,,,,,,,,,,,,,,,,,,,,,,,,,,,,,,,,,,,,,,,,,,,,,,,,,,,,,,,,,,,,,,,,,,,,,,,,,,,,,,,,,,,,,,,,,,,,,,,,,,,,,,,,,,,,,,,,,,,,,,,,,,,,,,,,,,,,,,,,,,,,,,,,,,,,,,,,,,,,,,,,,,,,,,,,,,,,,,,,
136,,,,,,,,,,,,,,,,,,,,,,,,,,,,,,,,,,,,,,,,0,,,,,,,,,,,,,,,,,1,2,,,,,2,,,,,,,,0,2,2,,1,,,,,1,,,,,,,0,,,0,,,,19,,,,,,0,1,0,1,1,2,0,,,7,18,6,,,,,,,,26,10,,,0,3,3,1,3,5,102,49,150,8,24,120,,48,0,34,90,8,,8,3,,,,,,,,,,5,5,,,1,69,246,127,,,,,,0,5,6,3,5,1,0,,,,1,,,0,,,,,1,,,,0,,,,,1,,,,,10
137,,,,,,11,,,,,,,,,,,,,,,,,9,,,,,,,9,11,6,6,3,,,,,,3,,,,4,,17,3,,,,,,,,,,,,,2,6,,24,,,,4,,,,,13,12,,,,,9,,,,,,,,,,,,,,,4,2,,3,,,2,,,,4,9,,8,1,,2,62,20,,,3,3,,10,6,38,10,9,6,2,1,,1,,,4,,,4,4,2,,1,27,15,19,25,1,10,2,,,,,,,,,,2,5,4,2,,,,,,,,,,,4,5,2,1,,,,,,,,2,3,,,,,,,,,,,,,,,,,,,
138,,,,,,0,,,,,,,,0,0,,,,,,,,0,,,,,,,,0,,,,,,,0,0,6,0,0,0,0,,,,,,,,,,,,,0,0,,,0,,0,,,0,1,0,,0,3,17,5,,0,,,0,,0,,,,,,,0,,,0,,,0,1,3,1,,,1,0,8,4,0,0,4,4,0,0,0,1,0,,,,,,,0,4,5,9,0,,0,0,0,,0,4,1,5,0,0,4,,3,0,7,8,1,,0,0,0,0,,,,,,,,0,0,,,0,2,11,3,,,,,,0,0,0,0,0,0,,,,,0,0,,0,,,,,0,,,,0,,,,0,0,0,,,,0
139,1,,0,2,3,1,3,0,0,2,3,4,,3,1,,0,0,0,4,0,,0,0,,,,,,,1,0,1,1,7,1,0,6,7,28,8,2,,3,4,2,0,,,3,1,3,1,0,2,,,,,0,0,,4,1,7,0,3,0,0,0,27,92,31,,,,1,0,3,1,,1,2,4,7,2,8,2,0,1,,,3,27,17,8,,,3,0,44,22,4,6,23,23,1,1,17,35,20,3,5,4,0,0,2,5,61,24,45,2,,1,8,4,2,3,99,48,120,6,11,90,,74,4,71,67,63,17,32,11,3,3,15,,0,6,4,8,0,4,11,26,7,17,79,198,166,3,18,11,5,3,14,4,3,1,1,0,,5,3,0,1,0,,0,5,3,1,2,1,6,,,1,2,5,3,4,2,0,,,5,83
140,,,,,,,,,,,,4,,17,2,,2,1,1,,,,1,,,,,,,4,,,1,2,10,2,2,9,42,4,42,13,10,17,11,2,,,,,,,,,,,,,,1,,,3,2,13,21,52,14,2,1,53,18,39,,9,4,0,1,,1,,,,,,,,,1,,,,7,60,25,11,4,,52,21,10,2,15,34,26,26,10,27,43,40,14,2,,1,,,1,51,196,27,60,5,7,8,54,41,14,7,60,17,2,36,39,22,,14,11,19,130,224,79,170,110,56,61,196,,,1,25,85,21,42,77,121,29,67,94,22,251,15,70,58,20,10,38,45,61,35,55,42,2,65,39,3,50,16,3,12,11,6,6,13,2,12,1,,73,30,48,47,145,84,22,,,13,239
141,,,,,,,,,,,,3,,8,0,,,,,,,,,,,,,,,,,,,,,,,0,31,,32,2,,,,,,,,,,,,,,,,,,,,,,,,,,,1,0,39,3,22,,,,,,,2,,,,,,,,,1,,,,,10,,,,,,,5,,10,22,9,0,,,2,14,1,3,,2,,,2,2,23,1,0,0,1,0,38,31,1,2,55,17,1,26,1,,,,0,,61,136,5,16,3,,0,,,,,,,,3,11,7,6,59,71,22,214,,3,9,3,,7,9,10,6,3,,,7,,,9,1,1,2,1,,,1,,5,,,,,,,,,,,,5,203
142,,,,,,,,,,,,,,,,,11,3,2,,,,,,,,,,,,,,3,7,37,11,3,7,,11,,,3,23,30,7,,,,,,,,,,,5,17,,,,,3,3,48,,56,11,,,7,30,19,,5,,3,5,7,20,,,,,,,2,2,,5,5,,28,194,29,6,,,43,,30,7,3,10,26,26,8,17,121,142,156,,,,,,,63,327,30,49,7,15,14,31,34,11,,,,5,49,90,58,,33,11,15,158,409,23,506,263,,35,,,,,,,,113,321,596,99,20,84,,115,70,346,262,102,124,74,150,142,79,78,15,7,15,,,49,30,7,30,19,16,87,53,107,3,,,11,,,,,19,,,,70,11
143,0,1,1,4,,4,2,,2,5,,,,7,4,4,5,1,0,7,2,1,2,,1,,,2,2,,2,4,,6,18,1,2,18,,1,,,0,2,9,1,,,,,,,,,,,2,13,,0,1,,2,1,14,1,15,2,,,0,2,1,0,3,4,2,6,4,21,,,,,,,1,5,,7,2,,9,84,13,2,,0,11,8,3,0,,0,4,8,5,7,29,198,142,4,,,,,4,106,263,4,12,0,0,1,1,1,1,,,,,1,8,5,,3,0,6,16,73,1,73,424,56,126,221,,,2,53,112,23,273,31,72,16,3,7,11,32,6,36,25,13,48,278,194,244,116,115,38,4,67,56,12,92,46,116,268,47,51,40,3,61,16,168,7,109,33,45,46,137,104,41,55,68,370,367
144,,,1,6,,,3,,,,,,,1,,,1,,,3,,,,,,,,,,,,,,,2,,0,1,0,,,0,,0,1,,,,,,,,,,,,,,,,,,,0,2,,,,,,,,,0,,,,,,,,,,,,,,,,,,,1,6,1,0,,,0,3,0,,,,0,1,2,1,3,23,15,,,,,,4,51,54,0,2,,,,,,,,,,,,,,,,,0,5,40,,,60,6,83,222,,1,2,56,119,30,19,,,,,,,,,,,,3,7,4,7,1,19,29,3,68,53,9,19,1,0,12,4,8,4,,5,,0,0,46,35,47,50,122,59,16,1,,5,
145,,0,7,27,,8,12,,2,3,,,,9,,,4,,,16,0,2,5,,2,,,5,4,,5,8,0,11,16,,2,6,10,,5,3,1,8,4,4,,,,1,0,1,0,,0,,,1,,1,2,,5,2,11,,14,1,,,,,,1,0,5,0,7,4,4,,,,,,,,1,,2,0,,16,120,5,2,,1,6,5,3,,,,1,2,5,5,16,487,200,1,,,,1,100,121,77,1,4,,,,,,,,,0,,,,,,,,1,5,52,0,12,162,99,335,641,5,8,2,101,394,84,113,,24,5,1,3,13,16,4,17,14,10,34,42,41,88,40,77,96,7,229,153,18,75,19,10,116,43,34,23,1,23,1,6,2,159,98,141,135,339,191,58,19,,12,21
146,,,,,,,,,,,,,,2,,,2,,,,,,,,,,,,,,,,,,0,,1,,7,,4,1,1,4,1,,,,,,,,,,,,,15,,,,,,,4,,13,1,,,,,,0,,2,,,,17,,,,,,,,4,,8,,,7,136,2,2,,1,7,,1,,,,0,0,1,4,6,493,35,1,,0,0,1,135,264,240,,,,,,,,,,,,,,,,,,,,28,172,,,291,271,657,1340,7,7,14,391,946,63,15,,,,,,,,,,,,,2,3,9,5,67,97,2,608,457,44,61,7,1,4,,,,,,,,,192,285,418,402,500,225,60,,,,
147,,,,,,,,,,,,,,,,,,,,,,,,,,,,,,,,,,,39,,,,,,,,,,,,,,,,,,,,,,,,,,,,39,,,,34,8,,,,,,,,,,,,21,,,,,,,,4,,8,,,13,17,8,8,,,34,,,,,,,,,17,,161,279,13,,8,8,8,231,,,,,,,,,,,,,,,,,,,,,,,,,,,,52,74,122,30,,,458,4,,,,,,,,,,,,,,4,,4,,4,8,4,183,165,34,30,4,,8,,,,,,,,,17,78,104,113,43,,,,,,
148,,,,,,,,,,,,,,,,,,,,,,,,16,16,21,27,,48,,,,,,48,,,5,,,,,,5,5,,,,10,48,5,5,,16,,,16,108,27,,,,16,,,,21,5,,,,,,,,,,10,92,130,5,16,38,32,65,10,43,65,54,10,,,10,70,5,5,,,21,,,,,,,,,10,59,108,234,239,59,723,130,10,293,185,179,,,,,,,,,,,,,,21,,,,,,5,,,,,21,97,87,38,544,10,223,680,16,43,,,5,,27,,,5,21,27,16,48,76,,32,10,27,76,59,108,179,5,141,97,10,97,38,32,10,5,16,,,,16,21,48,43,38,21,5,,,,
149,,,,,,31,8,,,7,,,,,,,29,14,,7,,7,,20,29,,22,,7,,,,,,,,,22,,,,22,7,,,,,,,37,39,,,122,51,14,,,,,,,,,,,,,7,,,,74,,,,,,22,7,13,109,267,963,1083,378,1434,657,8,7,,,,74,,,,,,,,,,,,,,,,512,1252,303,762,685,,,,4,414,,,,,,,,,,37,29,22,,,,,,,,37,4,,,10,10,8,44,,2,2009,541,51,,,,,,,22,74,7,,14,14,7,22,44,,7,,7,14,17,26,69,,39,7,,14,,,,,,,,,8,7,14,14,20,11,2,,,,
150,35,71,83,247,,913,801,251,19,199,,,,,,183,259,167,,,,135,,1005,1655,143,426,,155,,,,,,159,,,299,,,,299,63,,35,,,,,351,1452,,,586,442,630,11,3,15,,,,,,,,,,199,,,,754,,,,,,47,43,1611,1296,1073,1113,3949,885,1460,650,7,,,,,187,7,3,,,,,,,3,7,,3,,,3,945,1308,343,805,769,,,91,570,849,,3,3,,,,,,,813,506,426,,,,,,,,67,191,,,602,590,881,3335,,163,1460,9454,3031,,,,,,,490,1228,522,107,327,327,163,506,873,,371,,343,785,23,1847,5525,127,1272,678,107,829,243,51,215,71,,,,,107,155,183,386,394,143,35,,,,143
151,,,,,,,,,,,,,,20,,,34,,,,,,,15,15,20,25,,45,,,,,,64,,22,5,50,,30,10,10,35,27,,,,10,41,5,5,,11,,,15,106,25,,,,22,,44,,76,8,,,,,,11,,20,,10,81,384,3,11,11,,34,7,31,182,49,116,,,77,266,20,20,,10,35,,22,,,,11,11,22,29,47,771,449,334,54,285,114,5,369,456,377,,,,,,,,,,,,,,20,,,,,,39,203,,,398,396,1096,2565,133,158,44,965,2571,58,82,,,88,,27,,,3,134,123,66,168,184,,83,7,47,175,139,1171,936,77,203,171,7,284,72,60,20,3,7,,,,21,392,551,527,274,15,3,,,,
152,,,56,168,,,74,,,,,,,74,,,,,,74,,,,,,,,,,,,,,,56,,,93,18,,,18,,37,18,,,,,14,,,,,,,,,,,,,,18,56,,,,,,,,,,,,,,18,65,,,,,,,,18,9,18,,,18,196,18,,,,,,,,,,,,,,70,575,215,74,4,37,18,,145,140,313,,,,,,,,,,,,,,,,,,,,9,191,,,308,374,865,631,4,14,,,215,411,159,,,9,,,,,4,9,23,9,23,37,4,32,9,346,701,159,28,18,121,336,37,9,46,14,,,4,9,,,,992,74,37,149,1895,1183,304,,,,
153,0,1,6,22,,8,11,,,,,,,10,5,2,8,,,18,2,2,5,,2,,,5,4,,5,8,,11,23,2,4,27,0,3,,0,0,2,13,2,,,,,,,,,,,,11,,1,2,,4,3,21,0,14,3,,,2,8,6,2,2,5,4,6,1,14,,,,,,,,4,,6,,,18,87,18,2,,0,11,12,10,2,,1,9,13,8,10,33,234,166,2,,,,,16,70,186,7,20,,2,3,5,6,4,,,,2,5,29,20,,12,1,8,11,54,2,61,531,35,172,22,,5,,,45,23,155,47,5,,2,6,15,52,2,9,9,8,64,239,215,278,165,159,29,12,11,7,12,113,58,88,274,63,59,56,1,88,20,125,7,93,4,1,5,60,70,33,52,57,290,279
154,,,,,,,,,12,25,,,,,,,12,14,9,,,,,,,,,,,,,,,,63,11,3,8,,9,,,3,8,32,,,,,,,,,,,,,,,,,,,4,58,,25,9,,,6,25,21,,,,3,,,,,,,,,,,,,,,,19,116,21,,,,25,,16,6,4,8,19,17,,12,48,98,,,,,,,,,171,27,40,4,16,14,27,30,14,,,,6,51,84,51,,29,8,12,74,235,19,406,142,,,,,,,,,,111,259,12,,9,19,,48,,9,6,,145,147,176,165,95,94,22,11,24,,,66,40,9,53,64,64,116,,113,14,,,9,,,,,16,,,,72,21
155,,,,,,,,,,,,,,,,,,,,,,,,,,,,,,,,,1,3,5,,,,,,,,,7,,3,,,,,,,,,,,3,13,,,,,1,3,3,,15,,,,,,,,3,,,3,5,15,,,,,,,1,1,,3,3,,7,54,3,3,,,7,,5,,,1,1,3,5,1,50,27,113,,,,,,,46,107,1,1,1,,,3,1,,,,,3,1,,,,,1,,49,109,3,224,97,,25,,,,,,,,3,3,261,57,7,42,,55,38,192,144,48,,,3,5,1,1,,,,,,,,,,,,,28,3,,,,,,,,,,,,,,
156,,,,,,,,,,,,,,,,,,,,,,,,,,,,,,,,,,,3,,,1,5,,9,,,14,,,,,,,,,,,,,5,14,,,,,,7,7,,29,,,,10,,3,,7,,,,,82,,,,,,,1,38,1,31,,,,53,3,7,,,14,,,,1,3,1,7,10,3,36,32,124,36,3,32,29,,14,38,80,3,3,3,,,3,1,,,7,3,10,1,,,,,3,,54,100,12,142,84,,20,,,1,,,127,3,,,219,87,16,58,7,3,,151,56,49,58,54,,21,,12,43,27,7,1,,29,31,,73,10,3,3,,,,,,,1,3,3,,,,,,,
157,1,,5,11,1,1,7,,13,15,,30,,43,1,,,,,13,,,,,1,,,,,,,5,,,13,3,,3,133,5,137,5,,,5,1,,,,,,,,,,,,,,,,,3,1,17,1,11,,3,5,175,13,83,,,17,1,,,5,,,,,,,,,3,,,,,20,,,,,13,,5,,40,76,38,19,15,1,5,30,19,7,,5,,,5,13,53,,,,1,1,123,82,3,5,122,36,3,62,7,,,11,,11,127,242,123,30,19,,5,,,,,,,,7,11,30,17,30,171,47,446,,24,17,3,3,19,11,15,7,3,7,3,7,3,,17,9,,7,11,,,1,,11,,,,3,7,7,,,,,,11,423
158,4,7,19,19,0,12,4,1,26,37,1,6,,17,0,2,29,11,,5,,3,,7,6,,11,,3,,,1,,,8,7,,22,38,1,40,18,4,12,13,0,,,,7,1,,,13,1,7,,8,,,,,1,0,3,0,26,,11,0,45,10,76,,,3,0,,,2,6,29,16,4,31,,,2,2,,,,,24,1,1,,,10,,8,1,11,23,22,23,18,2,8,17,8,8,,6,,,,4,32,8,,,2,4,53,31,0,1,193,87,217,27,27,110,,89,,33,124,72,31,26,8,,2,,,2,6,50,8,,4,4,35,13,36,122,377,379,28,53,46,21,35,61,4,19,2,9,20,5,13,27,5,34,31,,32,24,6,15,11,7,2,,,12,2,5,5,,,,,,7,152
159,0,0,2,1,,18,3,2,3,11,2,9,,5,0,3,31,16,,5,,5,,11,8,,17,,5,,,,,,6,0,,37,12,,13,30,7,2,3,,,,,11,1,,,8,1,11,,,,,,,2,,,,4,,19,,14,2,86,,,,,,,,8,20,10,4,23,1,,,,,,,,15,1,1,,,1,,,2,,2,2,6,2,1,2,7,,,,,,,,0,9,11,,,,,5,1,7,1,225,111,197,1,,114,,93,,42,90,5,2,,3,,3,,,,5,36,,,2,,,0,2,110,469,102,3,14,14,7,19,36,1,8,2,4,9,1,8,19,,12,7,0,18,7,3,9,1,14,,0,,,1,2,2,,,,,,4,45
160,15,31,72,62,,13,9,27,90,127,5,7,,54,,40,56,17,,4,,1,,15,22,,5,,1,,,,,,24,28,,62,70,,72,45,2,58,57,,,,,3,16,,,12,0,3,,,,,,,2,,,,110,,29,,74,7,106,,,,,,,,15,22,16,2,37,,,,,,,,,95,6,6,,,35,,3,,13,27,53,81,71,10,40,103,16,,,,,,,10,150,22,,,3,3,102,48,,3,413,201,462,54,14,264,,242,,66,386,284,141,54,54,,21,,,,3,78,,,45,18,69,1,141,558,516,2252,123,78,53,9,51,106,30,42,12,10,19,5,9,50,3,65,48,9,62,78,59,132,56,216,21,,,,0,10,10,14,,14,,,115,1091
161,1,,3,6,,6,6,22,7,16,,,,,,37,4,,,,,,,9,16,,,,,,,,,,1,2,,84,25,,34,74,,,10,,,,,3,12,,,,,,2,3,,,,,,,,1,4,,45,,21,4,131,,,,,,1,6,9,,,,6,,1,,1,1,,,,16,,,,,1,,15,1,8,21,14,1,2,1,16,6,30,4,,2,,,,11,32,,,,1,2,34,17,,12,132,45,8,17,8,,,,,,16,32,,59,20,,10,,,1,,29,3,1,4,,86,,,74,30,221,155,69,51,11,23,53,2,6,2,2,4,2,,34,12,79,53,,51,63,47,72,107,25,,,,,1,2,2,,,,,,15,25
162,0,,2,4,,14,3,,5,12,,,,,,,25,12,,3,,4,,7,4,,14,,4,,,,3,6,10,1,,20,2,,3,18,6,,1,6,,,,9,,,,18,1,9,10,17,,,,,3,6,6,0,3,,11,,4,6,66,,,,,3,4,52,6,39,23,6,42,,3,22,3,18,3,,12,59,1,,,,0,,7,1,0,3,3,0,1,0,47,28,128,30,1,24,17,,8,39,103,,,,1,3,4,2,,,45,28,44,2,15,,,,,,55,103,3,213,80,,29,,,3,7,64,83,1,11,4,314,65,10,103,93,102,50,224,233,73,78,97,7,41,5,19,53,24,18,37,0,46,40,,86,39,3,13,23,11,,,,4,6,12,12,,,,,,6,6
163,1,,5,11,,17,3,,13,23,,,,,,,31,15,,3,,5,,9,5,,17,,5,,,,1,3,5,3,,28,8,,14,23,7,,3,3,,,,14,,,,23,1,11,9,25,,,,,1,,,1,7,,13,,17,7,86,,,,,3,6,66,7,49,29,7,52,,3,28,4,22,3,,7,39,4,,,,1,,18,1,2,10,9,1,3,1,41,24,125,37,3,31,19,,9,34,91,,,,1,5,15,7,,,56,35,52,7,31,,,,,,43,106,9,201,70,,31,,,4,9,80,95,4,13,3,294,30,8,111,119,86,47,291,215,123,99,129,8,49,6,23,60,25,21,45,1,51,49,,102,51,3,19,51,17,,,,11,5,11,11,,,,,,9,7
164,1,,4,9,,13,3,,10,18,,,,,,,24,12,,3,,4,,7,4,,13,,4,,,,,,1,3,,22,9,,15,18,6,,3,,,,,13,,,,18,1,9,10,21,,,,,,,,1,6,,10,,18,6,68,,,,,,1,48,6,38,22,6,41,,4,16,4,15,,,,24,3,,,,1,,12,1,3,9,7,1,3,1,21,16,97,30,1,22,12,,6,25,45,,,,1,4,12,6,,,44,27,38,6,24,,,,,,33,57,6,121,56,,35,,,4,7,62,79,3,18,,152,41,3,79,92,22,16,143,191,103,108,115,9,48,9,22,56,24,30,33,1,42,41,,124,41,3,15,36,13,,,,9,3,6,6,,,,,,7,6
165,,,,,,34,15,14,3,23,,,,,,23,45,22,,6,,8,,28,32,,25,,8,,,2,,3,12,,,52,,,,48,11,4,9,0,,,,22,18,,,19,2,16,8,26,,,,,,,16,,,,29,,,3,128,2,,5,,,1,66,25,37,23,11,52,,2,31,8,22,,,0,50,10,,,2,8,5,4,0,,,0,,,,17,119,124,58,2,43,22,,15,24,82,,,,0,1,,,,,113,76,52,,18,,,,,,11,17,,91,127,7,70,,,8,14,119,125,4,87,84,,30,1,80,154,80,20,94,95,66,254,311,59,112,25,35,78,35,27,65,0,85,75,7,260,90,48,194,13,203,2,,7,5,4,9,9,,,15,18,,148,31
166,0,1,1,5,,19,8,0,3,15,,,,,,2,30,18,2,9,2,6,,11,8,,20,,7,,,2,,4,19,1,0,32,1,0,2,30,7,0,5,0,,,,14,1,,,14,2,13,4,15,0,,,,,2,8,,,,17,,2,3,88,1,,3,0,,3,26,11,29,16,7,36,0,1,12,4,8,,,5,42,6,,,1,4,3,4,0,0,1,2,0,,,14,96,48,24,1,17,7,,8,10,115,0,1,,0,0,2,1,,1,49,33,33,1,8,0,,0,,0,18,23,2,18,249,6,29,1,0,4,9,70,46,2,110,29,,9,3,48,97,56,16,39,42,24,105,239,87,109,7,15,39,14,18,38,1,41,33,52,212,76,90,67,8,83,26,103,1,1,2,5,6,3,1,10,20,40,272,256
167,,,,,,5,,,,,,,,6,3,3,5,,,2,,1,3,,1,,,3,2,,3,5,,7,12,2,2,18,,4,,,,2,13,1,,,,,,,,,,,,7,,0,1,,2,,20,0,12,1,,,2,11,7,,0,5,3,4,0,12,,,,,,,,3,,5,,,8,74,13,0,,,4,7,7,2,1,2,9,10,3,4,20,197,114,2,,,,,10,43,187,11,18,1,6,5,11,15,4,,,,3,23,41,27,,15,3,7,17,84,9,116,538,10,89,7,,,,,,0,305,107,7,,5,11,13,50,1,9,8,5,62,268,41,305,152,135,20,7,10,4,4,100,62,116,303,52,54,55,0,85,18,162,6,59,0,,,23,44,27,58,62,367,374
168,0,1,1,5,,31,7,,,2,,,,,,15,25,5,,11,2,8,11,7,10,,14,7,10,,11,11,,16,25,3,3,15,,6,,8,2,6,29,3,,,,12,0,,,17,2,12,2,30,,1,5,,6,0,31,,,,4,,3,19,45,0,5,1,,11,5,64,12,37,18,3,51,2,3,24,4,25,,,12,90,33,2,,0,5,25,19,4,2,5,22,25,11,11,49,181,257,40,3,24,11,,26,73,222,20,29,1,10,12,20,14,11,,19,12,21,30,64,28,,20,4,9,12,111,10,106,658,18,186,20,0,5,4,89,63,6,386,98,11,11,7,45,72,67,5,51,48,30,114,329,298,329,238,175,71,22,36,49,0,233,189,162,564,103,63,93,2,128,12,169,25,24,4,11,11,16,9,77,148,74,379,330
169,,,,,,17,,,,,,,,20,11,11,10,,,4,,2,11,,4,,,5,4,,11,8,,11,22,2,2,53,,2,,,,5,26,2,,,,,,,,,,,,17,,1,5,,5,,37,2,23,2,,,1,5,8,,1,8,5,10,1,25,2,,,,,,8,10,,11,,,13,77,25,1,,,13,11,4,1,2,4,5,13,5,8,43,144,175,7,8,5,,,14,69,128,13,23,1,4,4,14,22,7,,,,2,23,43,32,,17,2,13,10,98,10,92,483,5,131,17,,2,,,8,2,355,87,5,,5,10,25,29,2,10,10,8,40,35,230,369,151,342,50,23,20,14,14,262,108,38,154,44,28,32,1,40,2,4,1,195,2,,,108,157,41,20,,5,25
170,,,3,13,,20,9,,,2,,,,14,7,,9,4,,6,,3,6,6,5,,11,,3,,6,,,,6,,,39,,1,,6,2,1,6,,,,,10,0,,,11,2,10,2,9,,,3,,1,1,8,2,18,2,3,,0,6,27,,0,6,3,3,3,21,10,24,11,3,35,2,5,8,2,7,,,6,51,10,0,,,10,9,3,1,,0,3,7,4,6,11,172,51,15,5,11,4,,29,37,74,5,16,,1,2,3,13,2,,13,10,12,7,30,23,,12,0,10,5,81,3,47,250,38,131,110,0,3,3,66,28,57,177,44,3,5,1,18,28,13,1,19,18,11,29,37,106,140,178,154,152,26,30,45,13,249,82,1,37,9,1,17,0,20,,,3,312,4,4,4,387,322,69,,,3,
171,,,,,,11,3,,,2,,,,1,1,,9,4,,0,,3,,6,3,,11,,3,,,,,,1,,,13,,,,7,2,,0,,,,,10,0,,,13,2,11,2,9,,,,,,,2,,,,3,,,3,24,,,,0,,3,29,11,28,13,3,41,3,3,12,3,9,,,,18,0,,,,0,3,1,0,,,0,0,1,0,1,71,22,30,3,20,9,,20,7,26,0,2,,0,0,,1,,,15,10,11,,9,3,,1,,0,1,31,,4,42,30,84,82,0,5,3,78,54,59,17,5,,9,1,20,32,13,1,26,24,14,32,49,8,29,13,78,67,26,22,46,3,95,38,3,58,16,5,11,0,9,,,,129,4,8,8,234,151,41,,,1,
172,,,11,33,,11,15,,,3,,,,15,,,15,7,,18,,3,,3,3,,11,,3,,,,,,11,,,30,3,,,15,3,7,3,,,,,18,,,,11,3,7,22,90,,,,,,3,11,,,,3,,,15,41,,,,,,15,169,7,26,26,30,,,30,79,30,52,,,3,26,3,,,,,,7,3,,,3,,,,15,49,132,215,26,128,52,,64,33,26,,,,3,3,,7,,,22,15,11,,45,15,,7,,,,18,,22,52,37,64,18,3,41,45,22,415,128,67,26,,56,7,49,37,33,7,117,98,60,143,166,30,86,60,128,249,45,30,60,33,177,132,7,219,60,22,33,3,45,,,,3,37,52,75,22,,,,,7,
173,,,,,,8,2,,,1,,,,2,,,7,2,,,,2,,7,10,8,11,,10,,,,,,2,,1,4,6,,4,5,2,4,1,,,,2,12,2,1,,12,5,12,,,3,,,,2,,3,,8,0,2,,,,13,0,,2,,2,8,9,13,23,16,5,50,6,3,6,,2,,,6,41,1,1,,1,2,,1,,,,0,0,1,2,2,139,24,1,6,7,,,43,70,52,,,,,,,2,,,9,6,8,4,,,,,,,7,40,2,4,63,60,168,434,14,6,6,155,309,2,5,5,,1,1,11,22,5,,8,7,6,9,19,3,12,4,13,19,2,126,179,18,37,17,2,20,5,3,4,,2,,,,4,93,137,127,59,2,0,,,0,
174,11,22,22,68,,205,191,60,,40,,,,9,,40,58,37,,1,,29,,225,372,39,88,,29,,,,,,60,,,78,29,,24,91,16,9,13,,,,,81,347,3,,102,101,133,,,,,,,,,6,,6,,57,,,6,199,,,3,,,,17,367,220,161,71,614,112,,6,3,,,,6,122,1,,,1,,,3,1,,,1,,,,1,480,107,8,,35,6,,186,253,199,,,,1,1,,,,6,182,114,89,,6,,,,,,22,122,,,259,228,548,1592,62,53,76,2262,1203,6,17,,,1,3,111,271,137,52,78,75,35,114,194,8,83,16,96,191,26,875,1300,70,334,181,34,196,65,14,50,29,6,,,,31,300,488,478,212,32,8,,,1,32
175,,,29,88,,,39,,,,,,,,,,,,,39,,,,,39,19,,,,,,,,,19,,,9,29,,48,,,,,,,,,14,,,,,29,29,,,,,,,,9,,,,,,,48,,19,,,,,,4,9,39,,,,48,19,,,4,,,,9,63,,,,,,,,,9,19,9,,,,9,200,73,19,,14,,,68,122,127,,,,,4,29,14,,,9,,,14,19,,,,,,4,29,,,166,122,195,465,39,4,,156,298,127,88,,,,,68,,29,58,4,9,4,4,19,24,4,48,83,44,44,274,210,156,117,63,,39,24,14,14,29,,,,,215,328,,97,465,4,,,,,
176,,,,,,44,21,18,,12,,,,11,8,26,25,13,,2,,10,,47,48,,58,,37,,,,,,12,,,79,32,,42,51,6,4,16,,,,,35,75,,,54,22,32,6,17,21,,,,6,,14,1,8,1,32,,26,8,114,,1,3,4,,68,78,67,99,60,12,191,25,29,47,6,14,,,4,61,17,,,,7,12,5,2,5,10,7,6,6,4,28,190,86,50,44,55,14,,45,38,120,5,12,,2,2,19,24,,5,101,59,34,25,21,8,,5,,6,6,101,10,41,276,54,177,139,7,27,28,340,170,76,175,43,,17,9,90,115,116,79,63,55,29,97,137,108,258,188,344,257,50,119,219,25,478,241,21,188,68,52,56,41,39,,,,319,12,25,25,517,361,88,,,10,47
177,,,7,34,,78,38,22,,13,,,,3,3,38,22,11,,17,,9,22,53,59,,60,,41,,22,,,,11,,,62,34,,45,57,5,1,9,,,,,38,32,,,39,5,36,5,60,26,,11,,5,3,9,,9,1,36,,28,7,116,,,5,3,11,87,165,59,87,43,7,146,11,7,85,13,45,,,7,34,17,,,,1,7,3,1,5,11,17,11,3,1,15,89,158,118,20,89,34,,34,45,57,11,34,,1,9,41,24,,5,123,70,34,55,53,,,,,11,3,59,3,45,249,9,81,28,1,34,9,323,257,15,159,47,,32,9,148,127,152,95,99,95,51,152,199,119,375,139,201,186,66,99,211,24,430,396,100,417,118,78,74,51,47,5,,66,74,13,34,34,106,74,70,97,11,43,60
178,,,,,,,,,,,,,,,,,8,,,2,,2,,,1,,,5,4,,,4,,5,5,,5,,,,,,,,5,1,,,,,,,,,,8,,5,,1,,,2,,8,,,,,,,,,,,,,4,1,20,8,,,,13,4,,7,,8,,,8,56,2,,,,,,,,,,,2,,,14,133,59,17,,2,,,5,28,170,5,2,2,5,2,,,,,,,,11,5,,,,2,,,10,2,8,486,1,34,5,,2,,40,8,2,188,8,,,,,5,23,,,,,11,245,175,251,38,2,14,2,8,31,,29,78,101,484,8,13,41,,62,14,272,47,,,,,28,2,135,239,136,545,512
179,0,0,0,2,,15,7,3,,3,,,,,,5,15,5,,6,1,7,,11,11,,17,5,12,,,9,,12,8,,2,11,5,0,7,13,2,,3,3,,,,15,4,,,15,2,11,2,17,3,1,,,2,,3,,,,8,,4,5,37,,,,,3,16,68,13,34,16,3,48,2,0,30,6,22,,,7,34,2,,,,,,3,1,0,1,4,1,,,8,131,168,50,2,33,17,,19,38,104,3,2,1,4,3,3,1,,0,31,19,14,7,16,1,,0,1,0,1,10,1,10,332,14,112,4,0,7,4,91,99,4,175,14,,17,1,35,68,45,21,48,45,36,122,293,136,259,45,21,65,25,27,53,3,77,96,144,369,108,72,101,11,144,9,159,27,5,4,10,10,12,4,85,150,59,378,294
180,0,0,0,1,,0,1,1,1,3,,,,,,1,0,0,0,1,0,,,1,0,,0,,0,,,1,,1,4,,,3,1,,1,3,,,0,0,,,,2,0,,,2,0,0,,1,0,,,,,0,1,,,,2,,0,2,6,,,,,,2,6,0,5,3,,7,0,,3,0,1,,,1,5,0,,,,,,1,0,0,0,1,,,,3,16,23,5,0,4,1,,1,4,11,,,,0,0,1,0,,0,9,2,4,0,3,,,,,,3,4,0,2,24,2,17,,,1,,11,10,0,17,7,,1,1,11,10,24,10,9,9,5,17,44,9,19,5,2,7,2,2,7,0,11,11,1,45,20,32,23,5,28,6,1,0,2,0,2,2,,,2,3,1,23,16
181,1,2,2,8,,,5,4,22,46,,,,,,7,1,4,2,4,4,,,11,,,11,,11,,,8,,12,48,,,24,8,,11,21,,,2,2,,,,5,1,,,,2,1,,11,11,,,,,1,17,,,,12,,7,,39,,,,,,34,41,2,,,,4,1,,29,2,8,,,5,69,1,,,,,,4,,2,7,4,,,,25,177,127,22,5,22,8,,19,19,126,,,,,,11,5,,4,35,8,7,5,,,,,,,17,18,,18,204,31,106,,,8,,18,68,,120,56,,2,,22,39,138,62,7,5,2,72,402,77,93,26,2,19,8,14,12,4,69,58,12,233,250,294,164,31,209,19,5,,,,2,2,,,5,8,4,157,86
182,5,3,13,31,,1,8,5,24,29,,,,,,8,0,7,5,1,5,,,2,4,,,,,,,,,1,19,6,,22,5,,6,15,,1,12,,,,,,6,,,2,6,3,,6,,,,,,2,5,3,13,,9,,4,,26,3,,6,,,,6,9,6,3,,18,3,,4,1,1,,,4,40,10,,,3,13,6,6,,1,4,2,3,6,3,9,97,35,7,,6,1,,6,11,63,,,,,3,6,3,,2,37,11,14,3,13,,,,,,6,10,,59,99,10,44,,,1,,46,13,,70,62,,1,,32,68,191,58,14,17,8,180,183,48,84,19,19,24,7,12,26,2,46,33,24,200,111,100,241,27,367,5,12,10,,,3,3,3,,38,46,10,289,108
183,,,,,,8,8,25,,8,,,,,,42,4,,,,,,,12,21,,,,,,,,,,,,,85,25,,34,77,,,8,,,,,6,17,,,,,,8,12,,,,,,,,,,,47,,21,,132,,,,,,2,21,12,,,,8,,4,,2,4,,,,19,2,,,,,,19,,8,23,14,,,,21,4,34,8,,4,,,,14,44,,,,,,38,19,,12,141,51,8,19,,,,,,,21,53,4,89,23,,8,,,2,,38,6,2,4,,128,,2,62,34,201,213,64,113,51,29,55,2,6,2,2,4,2,,38,12,83,57,,55,64,47,68,64,29,,,,,,,,,,,,,12,29
184,,,,,,,,,,,,11,,8,,,,,,,,,,,,,,,,,,,,,,,,,14,,14,,,,,,,,,5,,,,,,,,,,,,,,,,,,,,,14,2,,1,,3,,,1,3,,,,,,,,,1,,,,,43,3,,,1,5,3,1,,,,,,,,4,158,28,7,,3,,,6,1,109,0,,,,,,,,,50,22,20,,,4,,5,,1,5,3,,83,171,13,50,,,2,,,5,1,127,69,7,,,17,122,359,23,13,17,8,215,260,86,132,26,25,23,11,5,3,,36,24,41,326,154,147,422,13,790,18,31,9,,,7,7,67,,107,54,14,654,325
185,,,,,,,,,,,,,,,,,,,,62,,,,,,,,,,,,,,,31,,,,,,,,,,,,,,,,,,,,,,,,,,,,,15,,,,,,,,,,,,,,,,,,,,,,,,,,,,,31,52,,,,,,,,,,,,,,,20,135,20,,,,,,,5,125,,,,,,,,,,,,,,,,,,,,125,125,31,15,245,,15,,,,,,,,151,47,,,31,31,,188,,,,,15,438,99,67,10,,,,,,,,15,52,109,177,73,31,,99,261,10,31,,,,,,,62,78,15,417,579
186,,,,,,,,,,,,,,,,,,,,2,,2,,,0,,,2,2,,,4,,5,2,,,,,,,,,,1,1,,,,,,,,,,,,,,0,,,1,,,,,,,,,,,,,,,2,0,,,,,,,,,,,,,,2,19,,,,,,,,,,,,,,,,72,13,,,,,,1,3,123,,,,,,,,,,,,,,,,,,,,,1,,,327,1,10,,,,,,,,125,,,,,,5,,,,,,,223,114,121,2,,,,,,,,,126,250,4,2,9,,22,1,130,,,,,,12,,49,74,110,455,433
187,,,81,367,,,163,,,,,,,,,,,,,163,,,,,,,,,,,,,,,81,,,,,,,,,,,,,,,,,,,,,,,,,,,,,40,,,,,,,,,,,,,,,,,,,,,,,,,,,,,40,203,,,,,,,,,,,,,,,40,407,,,,,,,,163,61,,,,,,,,,,,,,,,,,,,,,,,,428,40,122,,,,,,,,224,,,,,,,,,,,,163,122,142,550,20,81,,,,,,,713,652,1284,40,,244,,203,122,,244,,,,,632,367,795,1264,122,672,
188,,,,,,,,,,,,,,17,6,,,,,,,,,,,,,,,,,,,,,,,27,,,,,,,,,,,,,31,,,10,10,,,,,,,,,,,3,10,,,,,,,,,,,,,,10,10,10,,37,10,13,,,,,,,109,3,,,,13,,,,,,,3,,3,2,434,52,,17,6,,,101,36,170,3,10,,,6,,3,,,,,,,34,6,,3,,10,6,158,,10,352,140,399,472,4,3,6,31,19,243,153,6,,,,34,,,,6,13,6,6,6,68,28,150,463,375,1,13,21,50,343,44,,13,13,,,,,,,,854,4,,,1477,1051,258,,,,
189,2,4,10,31,,14,25,,,2,,,,8,,,8,4,,10,,2,,14,31,4,6,,2,,,,,,6,,,16,2,,,8,2,4,2,,,,,6,20,,,6,12,10,,,,,,,,2,6,,,,2,,,8,22,,,,,,,,25,14,6,8,22,10,,,,,,,2,100,2,,,,,,4,2,,,2,,,,4,379,54,,,4,2,,125,218,164,,,,2,2,,,,,12,8,6,,8,,,,,,22,118,,,198,193,448,1267,37,8,10,81,644,33,12,,,2,4,14,20,2,2,16,12,4,10,18,2,10,4,12,22,20,579,383,139,25,14,,20,10,,,,,,,,8,191,427,458,477,,,,,,
190,2,5,5,17,,20,23,,,2,,,,11,,,11,5,,2,,2,,20,33,5,8,,2,,,,,,2,,,23,2,,,11,2,5,2,,,,,10,30,1,,8,8,5,,,,,,,,,8,,,,2,,,11,31,,,,,,,5,23,20,8,11,17,8,,2,,,,,,99,2,,,,,,5,2,,,2,,,,2,383,48,,,8,2,,128,208,139,,,,2,2,,,,,17,11,8,,11,,,,,,30,131,,,184,178,444,1285,34,12,14,66,624,11,2,,,2,5,20,28,25,2,23,17,5,14,25,,17,,8,31,20,590,430,,34,25,,34,20,2,5,,11,,,,,295,351,613,8,,,,,2,
191,3,6,16,49,,23,39,,,3,,,,13,,,13,6,,16,,3,,23,49,6,9,,3,,,,,,9,,,26,3,,,13,3,6,3,,,,,9,32,,,9,19,16,,,,,,,,3,9,,,,3,,,13,36,,,,,,,,39,23,9,13,36,16,,,,,,,3,112,3,,,,,,6,3,,,3,,,,6,410,61,,,6,3,,138,247,181,,,,3,3,,,,,19,13,9,,13,,,,,,24,148,,,216,216,489,1417,42,13,16,160,684,52,13,,,3,6,23,32,29,3,26,19,6,16,31,,19,,9,36,32,625,483,32,39,29,,39,23,3,6,,13,,,,,362,702,508,46,,,,,3,
192,,,15,64,,,28,,,,,,,27,11,,,,,28,,,,,6,3,,,,,,,,,14,,,44,,,,,,,,,,,,1,49,,,16,21,4,,,,,,,,7,,5,16,,,,,,,,,,,,,,22,16,16,,68,19,22,,,,,,7,128,5,,,,22,,,,,,,5,,5,7,474,28,,27,11,,,139,52,250,5,16,,,,,,,,,,,,,,,,,16,15,215,,,304,252,587,843,7,5,11,78,170,320,68,,,,,,,18,,,,,,9,18,13,57,396,468,4,139,102,75,382,44,15,22,,,3,,53,,14,24,1016,181,4,22,2277,1394,476,22,54,109,63
193,,,10,47,,,20,,,,,,,26,10,,,,,20,,,,,,,,,,,,,,,10,,,41,,,,,,,,,,,,,47,,,15,15,,,,,,,,,5,,5,15,,,,,,,,,,,,,,15,15,15,,57,15,20,,,,,,5,133,5,,,,20,,,,,,,5,,5,5,503,27,,26,10,,,132,20,223,5,15,,,,,6,,,,,,,13,13,,6,,15,10,207,,19,382,203,547,629,,5,10,47,15,330,133,13,,,,,,,,,,,,5,58,13,138,543,499,,10,26,1,441,50,2,14,,,,,,,,23,1195,,,,2305,1262,402,1,,,
194,,,2,10,,,4,,,,,,,5,2,,,,,11,,6,,,3,,,13,10,,,10,,13,9,,,9,,,,,,,1,3,,,,,10,,,3,3,,,,,3,,,6,1,,1,3,,,,,,,,,,,10,3,,3,3,3,,12,3,4,,,,,,7,36,1,,,,4,,,,,,,1,,1,1,154,30,,5,2,,,29,18,59,1,3,,,,,,,,,,,,,,,,,3,2,47,,,131,49,145,144,,1,2,10,3,73,54,,,,,,,27,,,,,18,36,31,91,31,101,117,,2,5,,93,41,102,218,13,4,49,,121,13,79,43,253,,,,677,346,236,269,126,278,67
195,,,,,,,,,,,,,,,,,,,,25,,25,,,12,,,50,38,,,38,,50,25,,,,,,,,,,2,12,,,,,,,,,,,,,,12,,,25,,,,,,,,,,,,,,,38,12,,,,,,,,,,,,,,25,71,,,,,,,,,,,,,,,,320,119,,,,,,10,86,61,,,,,,,,,,,,,,,,,,,,,,,,396,10,106,,,,,,,,193,,,,,,,,,,,,50,162,150,391,35,,,,,,,,129,409,867,43,15,137,,139,38,272,157,,,,,73,2,607,828,348,490,
196,,,,,,,,,,,,,,,,,,,,5,,,,,,,,,,,,,,,2,,,,,,,,,,,,,,,,,,,,,,,,,,,,,1,,,,,,,,,,,,,,,,,,,,,,,,,,,,,2,27,,,,,,,,,,,,,,,,76,,,,,,,,3,96,,,,,,,,,,,,,,,,,,,,,,,,255,,,,,,,,,,110,,,,,,,,,,,,,165,83,102,,,,,,,,,7,122,177,9,3,15,,19,3,212,7,,,,,91,,148,181,440,364,66
197,2,2,5,13,,,4,,8,9,,,,,,,,1,1,8,3,,,,,,,,,,,,,1,9,2,,1,,,,,,,2,,,,,,,,,,,,,,,,,,,2,,1,4,,,,,,,0,,1,,,,,,,,,,,,,,,,,5,56,2,,,0,2,1,0,,,,,1,2,1,2,177,16,,,,,,4,4,251,,,,,1,,,,,3,,5,,4,,,,,,12,15,3,31,601,8,15,,,,,,,,242,26,,,3,11,23,110,8,4,5,2,91,493,215,228,2,2,2,1,0,0,,5,13,212,496,73,64,193,3,380,46,381,19,,,1,1,80,,143,111,159,866,914
198,4,7,20,15,,6,6,16,23,33,9,38,,25,1,22,10,4,,1,,,,9,15,,,,,,,,,,19,6,,33,53,,56,19,,12,16,,,,,,12,,,,,,,,,,,,,,,,26,,13,,57,10,40,,,,,,,,9,,,,6,,,,,,,,,62,1,1,,,8,,,,,9,8,18,15,3,8,117,7,,,,,,,3,320,0,,,1,1,15,2,23,4,232,158,45,3,6,27,,24,,2,246,346,171,6,793,,35,,,,,27,,,310,10,,,171,286,296,1397,18,6,6,3,25,617,293,264,13,,,,,15,,33,24,266,514,67,47,96,10,251,85,482,,,,,,61,,46,,38,1217,2497
